ENTRY,NAME,BLOCKS
101,A,ALL
102,B,ALL
103,C,ALL
104,D,ALL
105,E,ALL
300,ND-300,1
301,ND-301,1
302,ND-302,1
303,ND-303,1
304,ND-304,1
305,ND-305,1
306,ND-306,1
307,ND-307,1
308,ND-308,1
309,ND-309,1
310,ND-310,1
311,ND-311,1
312,ND-312,1
313,ND-313,1
314,ND-314,1
315,ND-315,1
316,ND-316,1
317,ND-317,1
318,ND-318,1
319,ND-319,1
320,ND-320,1
321,ND-321,1
322,ND-322,1
323,ND-323,1
324,ND-324,1
325,ND-325,1
326,ND-326,1
327,ND-327,1
328,ND-328,1
329,ND-329,1
330,ND-330,1
331,ND-331,1
332,ND-332,1
333,ND-333,1
334,ND-334,1
335,ND-335,2
336,ND-336,2
337,ND-337,2
338,ND-338,2
339,ND-339,2
340,ND-340,2
341,ND-341,2
342,ND-342,2
343,ND-343,2
344,ND-344,2
345,ND-345,2
346,ND-346,2
347,ND-347,2
348,ND-348,2
349,ND-349,2
350,ND-350,2
351,ND-351,2
352,ND-352,2
353,ND-353,2
354,ND-354,2
355,ND-355,2
356,ND-356,2
357,ND-357,2
358,ND-358,2
359,ND-359,2
360,ND-360,2
361,ND-361,2
362,ND-362,2
363,ND-363,2
364,ND-364,2
365,ND-365,2
366,ND-366,2
367,ND-367,2
368,ND-368,2
369,ND-369,2
370,ND-370,2
371,ND-371,2
372,ND-372,2
373,ND-373,2
374,ND-374,2
375,ND-375,2
376,ND-376,2
377,ND-377,2
378,ND-378,2
379,ND-379,2
380,ND-380,2
381,ND-381,2
382,ND-382,2
383,ND-383,2
384,ND-384,2
385,ND-385,2
386,ND-386,2
387,ND-387,2
388,ND-388,2
389,ND-389,2
390,ND-390,2
391,ND-391,2
392,ND-392,2
393,ND-393,2
394,ND-394,3
395,ND-395,3
396,ND-396,3
397,ND-397,3
398,ND-398,3
399,ND-399,3
400,ND-400,3
401,ND-401,3
402,ND-402,3
403,ND-403,3
404,ND-404,3
405,ND-405,3
406,ND-406,3
407,ND-407,3
408,ND-408,3
409,ND-409,3
410,ND-410,3
411,ND-411,3
412,ND-412,3
413,ND-413,3
414,ND-414,3
415,ND-415,3
416,ND-416,3
417,ND-417,3
418,ND-418,3
419,ND-419,3
420,ND-420,3
421,ND-421,3
422,ND-422,3
423,ND-423,3
424,ND-424,3
425,ND-425,3
426,ND-426,3
427,ND-427,3
428,ND-428,3
429,ND-429,3
430,ND-430,3
431,ND-431,3
432,ND-432,3
433,ND-433,3
434,ND-434,3
