LOCATION,ENTRY,NAME,REPS
A,1,temoin_1,2
A,2,temoin_2,2
A,3,temoin_3,2
A,4,temoin_4,2
A,5,temoin_5,2
A,6,temoin_6,2
A,7,temoin_7,2
A,8,temoin_8,2
A,9,temoin_9,2
A,10,temoin_10,1
A,222,CLS21-0169;003,2
A,340,CLS21-0179;003,2
A,327,CLS21-0178;029,2
A,109,CLS21-0114;019,2
A,512,CLS21-0685;033,2
A,425,CLS21-0512;010,2
A,265,CLS21-0172;004,2
A,421,CLS21-0512;006,2
A,365,CLS21-0179;028,2
A,469,CLS21-0622;024,2
A,205,CLS21-0142;028,2
A,493,CLS21-0685;014,2
A,690,CLS21-0911;031,2
A,486,CLS21-0685;007,2
A,228,CLS21-0169;009,2
A,477,CLS21-0622;032,2
A,656,CLS21-0906;047,2
A,143,CLS21-0118;009,2
A,573,CLS21-0805;002,2
A,25,CLS21-0050;015,2
A,287,CLS21-0172;026,2
A,485,CLS21-0685;006,2
A,38,CLS21-0050;028,2
A,506,CLS21-0685;027,2
A,616,CLS21-0906;007,2
A,268,CLS21-0172;007,2
A,276,CLS21-0172;015,2
A,405,CLS21-0199;028,2
A,534,CLS21-0755;020,2
A,363,CLS21-0179;026,2
A,53,CLS21-0050;043,2
A,211,CLS21-0142;034,2
A,329,CLS21-0178;031,2
A,625,CLS21-0906;016,2
A,64,CLS21-0111;009,2
A,100,CLS21-0114;010,2
A,218,CLS21-0142;041,2
A,344,CLS21-0179;007,2
A,376,CLS21-0179;039,2
A,597,CLS21-0805;026,2
A,476,CLS21-0622;031,2
A,35,CLS21-0050;025,2
A,463,CLS21-0622;018,2
A,592,CLS21-0805;021,2
A,128,CLS21-0114;038,2
A,232,CLS21-0169;013,2
A,343,CLS21-0179;006,2
A,94,CLS21-0114;004,2
A,74,CLS21-0111;019,2
A,680,CLS21-0911;021,2
A,125,CLS21-0114;035,2
A,638,CLS21-0906;029,2
A,168,CLS21-0118;034,2
A,286,CLS21-0172;025,2
A,78,CLS21-0111;023,2
A,361,CLS21-0179;024,2
A,246,CLS21-0169;027,2
A,155,CLS21-0118;021,2
A,535,CLS21-0755;021,2
A,565,CLS21-0758;021,2
A,604,CLS21-0805;033,2
A,606,CLS21-0805;035,2
A,58,CLS21-0111;003,2
A,113,CLS21-0114;023,2
A,103,CLS21-0114;013,2
A,440,CLS21-0512;025,2
A,637,CLS21-0906;028,2
A,198,CLS21-0142;021,2
A,193,CLS21-0142;016,2
A,445,CLS21-0512;030,2
A,181,CLS21-0142;004,2
A,99,CLS21-0114;009,2
A,167,CLS21-0118;033,2
A,400,CLS21-0199;023,2
A,305,CLS21-0178;007,2
A,124,CLS21-0114;034,2
A,499,CLS21-0685;020,2
A,474,CLS21-0622;029,2
A,509,CLS21-0685;030,2
A,664,CLS21-0911;005,2
A,383,CLS21-0199;006,2
A,69,CLS21-0111;014,2
A,174,CLS21-0118;040,2
A,345,CLS21-0179;008,2
A,433,CLS21-0512;018,2
A,684,CLS21-0911;025,2
A,673,CLS21-0911;014,2
A,372,CLS21-0179;035,2
A,399,CLS21-0199;022,2
A,602,CLS21-0805;031,2
A,587,CLS21-0805;016,2
A,688,CLS21-0911;029,2
A,142,CLS21-0118;008,2
A,536,CLS21-0755;022,2
A,583,CLS21-0805;012,2
A,562,CLS21-0758;018,2
A,634,CLS21-0906;025,2
A,403,CLS21-0199;026,2
A,663,CLS21-0911;004,2
A,503,CLS21-0685;024,2
A,584,CLS21-0805;013,2
A,280,CLS21-0172;019,2
A,325,CLS21-0178;027,2
A,412,CLS21-0199;035,2
A,179,CLS21-0142;002,2
A,439,CLS21-0512;024,2
A,435,CLS21-0512;020,2
A,605,CLS21-0805;034,2
A,462,CLS21-0622;017,2
A,202,CLS21-0142;025,2
A,627,CLS21-0906;018,2
A,333,CLS21-0178;035,2
A,595,CLS21-0805;024,2
A,510,CLS21-0685;031,2
A,29,CLS21-0050;019,2
A,478,CLS21-0622;033,2
A,236,CLS21-0169;017,2
A,207,CLS21-0142;030,2
A,213,CLS21-0142;036,2
A,685,CLS21-0911;026,2
A,514,CLS21-0685;035,2
A,451,CLS21-0622;006,2
A,237,CLS21-0169;018,2
A,297,CLS21-0172;036,2
A,117,CLS21-0114;027,2
A,539,CLS21-0755;025,2
A,180,CLS21-0142;003,2
A,621,CLS21-0906;012,2
A,138,CLS21-0118;004,2
A,291,CLS21-0172;030,2
A,129,CLS21-0114;039,2
A,223,CLS21-0169;004,2
A,46,CLS21-0050;036,2
A,11,CLS21-0050;001,2
A,681,CLS21-0911;022,2
A,483,CLS21-0685;004,2
A,133,CLS21-0114;043,2
A,191,CLS21-0142;014,2
A,337,CLS21-0178;039,2
A,679,CLS21-0911;020,2
A,186,CLS21-0142;009,2
A,86,CLS21-0111;031,2
A,75,CLS21-0111;020,2
A,13,CLS21-0050;003,2
A,636,CLS21-0906;027,2
A,456,CLS21-0622;011,2
A,550,CLS21-0758;006,2
A,511,CLS21-0685;032,2
A,140,CLS21-0118;006,2
A,491,CLS21-0685;012,2
A,33,CLS21-0050;023,2
A,61,CLS21-0111;006,2
A,44,CLS21-0050;034,2
A,401,CLS21-0199;024,2
A,277,CLS21-0172;016,2
A,306,CLS21-0178;008,2
A,224,CLS21-0169;005,2
A,533,CLS21-0755;019,2
A,610,CLS21-0906;001,2
A,388,CLS21-0199;011,2
A,59,CLS21-0111;004,2
A,369,CLS21-0179;032,2
A,643,CLS21-0906;034,2
A,54,CLS21-0050;044,2
A,428,CLS21-0512;013,2
A,31,CLS21-0050;021,2
A,545,CLS21-0758;001,2
A,34,CLS21-0050;024,2
A,487,CLS21-0685;008,2
A,559,CLS21-0758;015,2
A,519,CLS21-0755;005,1
A,496,CLS21-0685;017,1
A,541,CLS21-0755;027,1
A,314,CLS21-0178;016,1
A,281,CLS21-0172;020,1
A,63,CLS21-0111;008,1
A,159,CLS21-0118;025,1
A,106,CLS21-0114;016,1
A,164,CLS21-0118;030,1
A,118,CLS21-0114;028,1
A,530,CLS21-0755;016,1
A,452,CLS21-0622;007,1
A,676,CLS21-0911;017,1
A,633,CLS21-0906;024,1
A,416,CLS21-0512;001,1
A,130,CLS21-0114;040,1
A,617,CLS21-0906;008,1
A,447,CLS21-0622;002,1
A,119,CLS21-0114;029,1
A,528,CLS21-0755;014,1
A,311,CLS21-0178;013,1
A,43,CLS21-0050;033,1
A,114,CLS21-0114;024,1
A,654,CLS21-0906;045,1
A,146,CLS21-0118;012,1
A,88,CLS21-0111;033,1
A,215,CLS21-0142;038,1
A,558,CLS21-0758;014,1
A,525,CLS21-0755;011,1
A,93,CLS21-0114;003,1
A,413,CLS21-0199;036,1
A,618,CLS21-0906;009,1
A,304,CLS21-0178;006,1
A,195,CLS21-0142;018,1
A,338,CLS21-0179;001,1
A,192,CLS21-0142;015,1
A,504,CLS21-0685;025,1
A,153,CLS21-0118;019,1
A,196,CLS21-0142;019,1
A,364,CLS21-0179;027,1
A,686,CLS21-0911;027,1
A,131,CLS21-0114;041,1
A,603,CLS21-0805;032,1
A,574,CLS21-0805;003,1
A,243,CLS21-0169;024,1
A,586,CLS21-0805;015,1
A,575,CLS21-0805;004,1
A,249,CLS21-0169;030,1
A,70,CLS21-0111;015,1
A,182,CLS21-0142;005,1
A,384,CLS21-0199;007,1
A,178,CLS21-0142;001,1
A,531,CLS21-0755;017,1
A,321,CLS21-0178;023,1
A,14,CLS21-0050;004,1
A,20,CLS21-0050;010,1
A,642,CLS21-0906;033,1
A,460,CLS21-0622;015,1
A,454,CLS21-0622;009,1
A,16,CLS21-0050;006,1
A,308,CLS21-0178;010,1
A,624,CLS21-0906;015,1
A,620,CLS21-0906;011,1
A,443,CLS21-0512;028,1
A,472,CLS21-0622;027,1
A,612,CLS21-0906;003,1
A,683,CLS21-0911;024,1
A,65,CLS21-0111;010,1
A,572,CLS21-0805;001,1
A,81,CLS21-0111;026,1
A,247,CLS21-0169;028,1
A,527,CLS21-0755;013,1
A,122,CLS21-0114;032,1
A,381,CLS21-0199;004,1
A,552,CLS21-0758;008,1
A,272,CLS21-0172;011,1
A,135,CLS21-0118;001,1
A,582,CLS21-0805;011,1
A,513,CLS21-0685;034,1
A,80,CLS21-0111;025,1
A,313,CLS21-0178;015,1
A,648,CLS21-0906;039,1
A,354,CLS21-0179;017,1
A,415,CLS21-0199;038,1
A,334,CLS21-0178;036,1
A,89,CLS21-0111;034,1
A,230,CLS21-0169;011,1
A,470,CLS21-0622;025,1
A,76,CLS21-0111;021,1
A,465,CLS21-0622;020,1
A,453,CLS21-0622;008,1
A,628,CLS21-0906;019,1
A,121,CLS21-0114;031,1
A,98,CLS21-0114;008,1
A,274,CLS21-0172;013,1
A,386,CLS21-0199;009,1
A,127,CLS21-0114;037,1
A,532,CLS21-0755;018,1
A,576,CLS21-0805;005,1
A,360,CLS21-0179;023,1
A,115,CLS21-0114;025,1
A,161,CLS21-0118;027,1
A,194,CLS21-0142;017,1
A,87,CLS21-0111;032,1
A,209,CLS21-0142;032,1
A,156,CLS21-0118;022,1
A,458,CLS21-0622;013,1
A,273,CLS21-0172;012,1
A,263,CLS21-0172;002,1
A,446,CLS21-0622;001,1
A,495,CLS21-0685;016,1
A,457,CLS21-0622;012,1
A,411,CLS21-0199;034,1
A,331,CLS21-0178;033,1
A,396,CLS21-0199;019,1
A,206,CLS21-0142;029,1
A,522,CLS21-0755;008,1
A,370,CLS21-0179;033,1
A,47,CLS21-0050;037,1
A,171,CLS21-0118;037,1
A,79,CLS21-0111;024,1
A,635,CLS21-0906;026,1
A,90,CLS21-0111;035,1
A,92,CLS21-0114;002,1
A,36,CLS21-0050;026,1
A,502,CLS21-0685;023,1
A,448,CLS21-0622;003,1
A,149,CLS21-0118;015,1
A,55,CLS21-0050;045,1
A,126,CLS21-0114;036,1
A,518,CLS21-0755;004,1
A,221,CLS21-0169;002,1
A,442,CLS21-0512;027,1
A,410,CLS21-0199;033,1
A,366,CLS21-0179;029,1
A,450,CLS21-0622;005,1
A,651,CLS21-0906;042,1
A,111,CLS21-0114;021,1
A,203,CLS21-0142;026,1
A,154,CLS21-0118;020,1
A,307,CLS21-0178;009,1
A,290,CLS21-0172;029,1
A,640,CLS21-0906;031,1
A,524,CLS21-0755;010,1
A,160,CLS21-0118;026,1
A,374,CLS21-0179;037,1
A,619,CLS21-0906;010,1
A,500,CLS21-0685;021,1
A,391,CLS21-0199;014,1
A,326,CLS21-0178;028,1
A,377,CLS21-0179;040,1
A,151,CLS21-0118;017,1
A,639,CLS21-0906;030,1
A,449,CLS21-0622;004,1
A,289,CLS21-0172;028,1
A,432,CLS21-0512;017,1
A,438,CLS21-0512;023,1
A,322,CLS21-0178;024,1
A,318,CLS21-0178;020,1
A,158,CLS21-0118;024,1
A,73,CLS21-0111;018,1
A,385,CLS21-0199;008,1
A,262,CLS21-0172;001,1
A,668,CLS21-0911;009,1
A,71,CLS21-0111;016,1
A,632,CLS21-0906;023,1
A,328,CLS21-0178;030,1
A,551,CLS21-0758;007,1
A,426,CLS21-0512;011,1
A,489,CLS21-0685;010,1
A,414,CLS21-0199;037,1
A,467,CLS21-0622;022,1
A,120,CLS21-0114;030,1
A,423,CLS21-0512;008,1
A,278,CLS21-0172;017,1
A,427,CLS21-0512;012,1
A,589,CLS21-0805;018,1
A,259,CLS21-0169;040,1
A,339,CLS21-0179;002,1
A,45,CLS21-0050;035,1
A,542,CLS21-0755;028,1
A,406,CLS21-0199;029,1
A,682,CLS21-0911;023,1
A,252,CLS21-0169;033,1
A,658,CLS21-0906;049,1
A,190,CLS21-0142;013,1
A,516,CLS21-0755;002,1
A,660,CLS21-0911;001,1
A,523,CLS21-0755;009,1
A,225,CLS21-0169;006,1
A,17,CLS21-0050;007,1
A,689,CLS21-0911;030,1
A,336,CLS21-0178;038,1
A,233,CLS21-0169;014,1
A,242,CLS21-0169;023,1
A,18,CLS21-0050;008,1
A,24,CLS21-0050;014,1
A,238,CLS21-0169;019,1
A,298,CLS21-0172;037,1
A,661,CLS21-0911;002,1
A,42,CLS21-0050;032,1
A,302,CLS21-0178;004,1
A,666,CLS21-0911;007,1
A,395,CLS21-0199;018,1
A,466,CLS21-0622;021,1
A,316,CLS21-0178;018,1
A,422,CLS21-0512;007,1
A,563,CLS21-0758;019,1
A,687,CLS21-0911;028,1
A,137,CLS21-0118;003,1
A,152,CLS21-0118;018,1
A,598,CLS21-0805;027,1
A,497,CLS21-0685;018,1
A,622,CLS21-0906;013,1
A,82,CLS21-0111;027,1
A,341,CLS21-0179;004,1
A,145,CLS21-0118;011,1
A,200,CLS21-0142;023,1
A,398,CLS21-0199;021,1
A,520,CLS21-0755;006,1
A,19,CLS21-0050;009,1
A,347,CLS21-0179;010,1
A,494,CLS21-0685;015,1
A,356,CLS21-0179;019,1
A,189,CLS21-0142;012,1
A,373,CLS21-0179;036,1
A,37,CLS21-0050;027,1
A,481,CLS21-0685;002,1
A,41,CLS21-0050;031,1
A,285,CLS21-0172;024,1
A,220,CLS21-0169;001,1
A,521,CLS21-0755;007,1
A,39,CLS21-0050;029,1
A,23,CLS21-0050;013,1
A,350,CLS21-0179;013,1
A,84,CLS21-0111;029,1
A,148,CLS21-0118;014,1
A,231,CLS21-0169;012,1
A,671,CLS21-0911;012,1
A,501,CLS21-0685;022,1
A,429,CLS21-0512;014,1
A,240,CLS21-0169;021,1
A,650,CLS21-0906;041,1
A,515,CLS21-0755;001,1
A,382,CLS21-0199;005,1
A,169,CLS21-0118;035,1
A,387,CLS21-0199;010,1
A,431,CLS21-0512;016,1
A,570,CLS21-0758;026,1
A,352,CLS21-0179;015,1
A,269,CLS21-0172;008,1
A,173,CLS21-0118;039,1
A,56,CLS21-0111;001,1
A,91,CLS21-0114;001,1
A,630,CLS21-0906;021,1
A,294,CLS21-0172;033,1
A,270,CLS21-0172;009,1
A,537,CLS21-0755;023,1
A,282,CLS21-0172;021,1
A,257,CLS21-0169;038,1
A,546,CLS21-0758;002,1
A,359,CLS21-0179;022,1
A,647,CLS21-0906;038,1
A,57,CLS21-0111;002,1
A,30,CLS21-0050;020,1
A,646,CLS21-0906;037,1
A,591,CLS21-0805;020,1
A,107,CLS21-0114;017,1
A,197,CLS21-0142;020,1
A,324,CLS21-0178;026,1
A,210,CLS21-0142;033,1
A,579,CLS21-0805;008,1
A,108,CLS21-0114;018,1
A,176,CLS21-0118;042,1
A,357,CLS21-0179;020,1
A,672,CLS21-0911;013,1
A,475,CLS21-0622;030,1
A,139,CLS21-0118;005,1
A,492,CLS21-0685;013,1
A,199,CLS21-0142;022,1
A,461,CLS21-0622;016,1
A,271,CLS21-0172;010,1
A,67,CLS21-0111;012,1
A,577,CLS21-0805;006,1
A,657,CLS21-0906;048,1
A,393,CLS21-0199;016,1
A,342,CLS21-0179;005,1
A,226,CLS21-0169;007,1
A,437,CLS21-0512;022,1
A,85,CLS21-0111;030,1
A,227,CLS21-0169;008,1
A,12,CLS21-0050;002,1
A,418,CLS21-0512;003,1
A,641,CLS21-0906;032,1
A,544,CLS21-0755;030,1
A,571,CLS21-0758;027,1
A,367,CLS21-0179;030,1
A,110,CLS21-0114;020,1
A,62,CLS21-0111;007,1
A,675,CLS21-0911;016,1
A,293,CLS21-0172;032,1
A,566,CLS21-0758;022,1
A,420,CLS21-0512;005,1
A,40,CLS21-0050;030,1
A,508,CLS21-0685;029,1
A,578,CLS21-0805;007,1
A,670,CLS21-0911;011,1
A,351,CLS21-0179;014,1
A,163,CLS21-0118;029,1
A,264,CLS21-0172;003,1
A,608,CLS21-0805;037,1
A,430,CLS21-0512;015,1
A,123,CLS21-0114;033,1
A,498,CLS21-0685;019,1
A,309,CLS21-0178;011,1
A,267,CLS21-0172;006,1
A,371,CLS21-0179;034,1
A,204,CLS21-0142;027,1
A,649,CLS21-0906;040,1
A,380,CLS21-0199;003,1
A,172,CLS21-0118;038,1
A,555,CLS21-0758;011,1
A,596,CLS21-0805;025,1
A,239,CLS21-0169;020,1
A,50,CLS21-0050;040,1
A,312,CLS21-0178;014,1
A,162,CLS21-0118;028,1
A,349,CLS21-0179;012,1
A,105,CLS21-0114;015,1
A,32,CLS21-0050;022,1
A,134,CLS21-0114;044,1
A,554,CLS21-0758;010,1
A,444,CLS21-0512;029,1
A,609,CLS21-0805;038,1
A,72,CLS21-0111;017,1
A,296,CLS21-0172;035,1
A,667,CLS21-0911;008,1
A,557,CLS21-0758;013,1
A,284,CLS21-0172;023,1
A,471,CLS21-0622;026,1
A,256,CLS21-0169;037,1
A,590,CLS21-0805;019,1
A,543,CLS21-0755;029,1
A,184,CLS21-0142;007,1
A,629,CLS21-0906;020,1
A,434,CLS21-0512;019,1
A,404,CLS21-0199;027,1
A,283,CLS21-0172;022,1
A,147,CLS21-0118;013,1
A,556,CLS21-0758;012,1
A,22,CLS21-0050;012,1
A,659,CLS21-0906;050,1
A,529,CLS21-0755;015,1
A,468,CLS21-0622;023,1
A,607,CLS21-0805;036,1
A,653,CLS21-0906;044,1
A,588,CLS21-0805;017,1
A,402,CLS21-0199;025,1
A,424,CLS21-0512;009,1
A,27,CLS21-0050;017,1
A,175,CLS21-0118;041,1
A,144,CLS21-0118;010,1
A,526,CLS21-0755;012,1
A,348,CLS21-0179;011,1
A,266,CLS21-0172;005,1
A,214,CLS21-0142;037,1
A,484,CLS21-0685;005,1
A,219,CLS21-0142;042,1
A,254,CLS21-0169;035,1
A,669,CLS21-0911;010,1
A,212,CLS21-0142;035,1
A,507,CLS21-0685;028,1
A,568,CLS21-0758;024,1
A,201,CLS21-0142;024,1
A,488,CLS21-0685;009,1
A,234,CLS21-0169;015,1
A,392,CLS21-0199;015,1
A,567,CLS21-0758;023,1
A,464,CLS21-0622;019,1
A,473,CLS21-0622;028,1
A,248,CLS21-0169;029,1
A,394,CLS21-0199;017,1
A,52,CLS21-0050;042,1
A,166,CLS21-0118;032,1
A,358,CLS21-0179;021,1
A,538,CLS21-0755;024,1
A,611,CLS21-0906;002,1
A,310,CLS21-0178;012,1
A,244,CLS21-0169;025,1
A,665,CLS21-0911;006,1
A,419,CLS21-0512;004,1
A,553,CLS21-0758;009,1
A,560,CLS21-0758;016,1
A,241,CLS21-0169;022,1
A,299,CLS21-0178;001,1
A,332,CLS21-0178;034,1
A,645,CLS21-0906;036,1
A,626,CLS21-0906;017,1
A,26,CLS21-0050;016,1
A,112,CLS21-0114;022,1
A,561,CLS21-0758;017,1
A,51,CLS21-0050;041,1
A,28,CLS21-0050;018,1
A,83,CLS21-0111;028,1
A,288,CLS21-0172;027,1
A,49,CLS21-0050;039,1
A,141,CLS21-0118;007,1
A,77,CLS21-0111;022,1
A,548,CLS21-0758;004,1
A,217,CLS21-0142;040,1
A,631,CLS21-0906;022,1
A,185,CLS21-0142;008,1
A,301,CLS21-0178;003,1
A,48,CLS21-0050;038,1
A,613,CLS21-0906;004,1
A,564,CLS21-0758;020,1
A,258,CLS21-0169;039,1
A,187,CLS21-0142;010,1
A,480,CLS21-0685;001,1
A,482,CLS21-0685;003,1
A,549,CLS21-0758;005,1
A,102,CLS21-0114;012,1
A,375,CLS21-0179;038,1
A,136,CLS21-0118;002,1
A,245,CLS21-0169;026,1
A,170,CLS21-0118;036,1
A,517,CLS21-0755;003,1
A,652,CLS21-0906;043,1
A,436,CLS21-0512;021,1
A,540,CLS21-0755;026,1
A,397,CLS21-0199;020,1
A,594,CLS21-0805;023,1
A,279,CLS21-0172;018,1
A,599,CLS21-0805;028,1
A,353,CLS21-0179;016,1
A,300,CLS21-0178;002,1
A,95,CLS21-0114;005,1
A,330,CLS21-0178;032,1
A,303,CLS21-0178;005,1
A,389,CLS21-0199;012,1
A,177,CLS21-0118;043,1
A,346,CLS21-0179;009,1
A,21,CLS21-0050;011,1
A,66,CLS21-0111;011,1
A,409,CLS21-0199;032,1
A,315,CLS21-0178;017,1
A,378,CLS21-0199;001,1
A,183,CLS21-0142;006,1
A,295,CLS21-0172;034,1
A,355,CLS21-0179;018,1
A,614,CLS21-0906;005,1
A,116,CLS21-0114;026,1
A,255,CLS21-0169;036,1
A,362,CLS21-0179;025,1
A,104,CLS21-0114;014,1
A,260,CLS21-0169;041,1
A,677,CLS21-0911;018,1
A,417,CLS21-0512;002,1
A,368,CLS21-0179;031,1
A,674,CLS21-0911;015,1
A,157,CLS21-0118;023,1
A,150,CLS21-0118;016,1
A,323,CLS21-0178;025,1
A,662,CLS21-0911;003,1
A,320,CLS21-0178;022,1
A,408,CLS21-0199;031,1
A,623,CLS21-0906;014,1
A,390,CLS21-0199;013,1
A,479,CLS21-0622;034,1
A,261,CLS21-0169;042,1
A,216,CLS21-0142;039,1
A,459,CLS21-0622;014,1
A,208,CLS21-0142;031,1
A,601,CLS21-0805;030,1
A,505,CLS21-0685;026,1
A,569,CLS21-0758;025,1
A,165,CLS21-0118;031,1
A,655,CLS21-0906;046,1
A,132,CLS21-0114;042,1
A,585,CLS21-0805;014,1
A,275,CLS21-0172;014,1
A,644,CLS21-0906;035,1
A,547,CLS21-0758;003,1
A,441,CLS21-0512;026,1
A,68,CLS21-0111;013,1
A,490,CLS21-0685;011,1
A,678,CLS21-0911;019,1
A,600,CLS21-0805;029,1
A,455,CLS21-0622;010,1
A,407,CLS21-0199;030,1
A,60,CLS21-0111;005,1
A,250,CLS21-0169;031,1
A,379,CLS21-0199;002,1
A,101,CLS21-0114;011,1
A,580,CLS21-0805;009,1
A,96,CLS21-0114;006,1
A,615,CLS21-0906;006,1
A,235,CLS21-0169;016,1
A,691,CLS21-0911;032,1
A,593,CLS21-0805;022,1
A,229,CLS21-0169;010,1
A,292,CLS21-0172;031,1
A,335,CLS21-0178;037,1
A,15,CLS21-0050;005,1
A,251,CLS21-0169;032,1
A,319,CLS21-0178;021,1
A,317,CLS21-0178;019,1
A,253,CLS21-0169;034,1
A,97,CLS21-0114;007,1
A,581,CLS21-0805;010,1
A,188,CLS21-0142;011,1
B,1,temoin_1,2
B,2,temoin_2,2
B,3,temoin_3,2
B,4,temoin_4,2
B,5,temoin_5,2
B,6,temoin_6,2
B,7,temoin_7,2
B,8,temoin_8,2
B,9,temoin_9,2
B,10,temoin_10,2
B,519,CLS21-0755;005,2
B,496,CLS21-0685;017,2
B,541,CLS21-0755;027,2
B,314,CLS21-0178;016,2
B,281,CLS21-0172;020,2
B,63,CLS21-0111;008,2
B,159,CLS21-0118;025,2
B,106,CLS21-0114;016,2
B,164,CLS21-0118;030,2
B,118,CLS21-0114;028,2
B,530,CLS21-0755;016,2
B,452,CLS21-0622;007,2
B,676,CLS21-0911;017,2
B,633,CLS21-0906;024,2
B,416,CLS21-0512;001,2
B,130,CLS21-0114;040,2
B,617,CLS21-0906;008,2
B,447,CLS21-0622;002,2
B,119,CLS21-0114;029,2
B,528,CLS21-0755;014,2
B,311,CLS21-0178;013,2
B,43,CLS21-0050;033,2
B,114,CLS21-0114;024,2
B,654,CLS21-0906;045,2
B,146,CLS21-0118;012,2
B,88,CLS21-0111;033,2
B,215,CLS21-0142;038,2
B,558,CLS21-0758;014,2
B,525,CLS21-0755;011,2
B,93,CLS21-0114;003,2
B,413,CLS21-0199;036,2
B,618,CLS21-0906;009,2
B,304,CLS21-0178;006,2
B,195,CLS21-0142;018,2
B,338,CLS21-0179;001,2
B,192,CLS21-0142;015,2
B,504,CLS21-0685;025,2
B,153,CLS21-0118;019,2
B,196,CLS21-0142;019,2
B,364,CLS21-0179;027,2
B,686,CLS21-0911;027,2
B,131,CLS21-0114;041,2
B,603,CLS21-0805;032,2
B,574,CLS21-0805;003,2
B,243,CLS21-0169;024,2
B,586,CLS21-0805;015,2
B,575,CLS21-0805;004,2
B,249,CLS21-0169;030,2
B,70,CLS21-0111;015,2
B,182,CLS21-0142;005,2
B,384,CLS21-0199;007,2
B,178,CLS21-0142;001,2
B,531,CLS21-0755;017,2
B,321,CLS21-0178;023,2
B,14,CLS21-0050;004,2
B,20,CLS21-0050;010,2
B,642,CLS21-0906;033,2
B,460,CLS21-0622;015,2
B,454,CLS21-0622;009,2
B,16,CLS21-0050;006,2
B,308,CLS21-0178;010,2
B,624,CLS21-0906;015,2
B,620,CLS21-0906;011,2
B,443,CLS21-0512;028,2
B,472,CLS21-0622;027,2
B,612,CLS21-0906;003,2
B,683,CLS21-0911;024,2
B,65,CLS21-0111;010,2
B,572,CLS21-0805;001,2
B,81,CLS21-0111;026,2
B,247,CLS21-0169;028,2
B,527,CLS21-0755;013,2
B,122,CLS21-0114;032,2
B,381,CLS21-0199;004,2
B,552,CLS21-0758;008,2
B,272,CLS21-0172;011,2
B,135,CLS21-0118;001,2
B,582,CLS21-0805;011,2
B,513,CLS21-0685;034,2
B,80,CLS21-0111;025,2
B,313,CLS21-0178;015,2
B,648,CLS21-0906;039,2
B,354,CLS21-0179;017,2
B,415,CLS21-0199;038,2
B,334,CLS21-0178;036,2
B,89,CLS21-0111;034,2
B,230,CLS21-0169;011,2
B,470,CLS21-0622;025,2
B,76,CLS21-0111;021,2
B,465,CLS21-0622;020,2
B,453,CLS21-0622;008,2
B,628,CLS21-0906;019,2
B,121,CLS21-0114;031,2
B,98,CLS21-0114;008,2
B,274,CLS21-0172;013,2
B,386,CLS21-0199;009,2
B,127,CLS21-0114;037,2
B,532,CLS21-0755;018,2
B,576,CLS21-0805;005,2
B,360,CLS21-0179;023,2
B,115,CLS21-0114;025,2
B,161,CLS21-0118;027,2
B,194,CLS21-0142;017,2
B,87,CLS21-0111;032,2
B,209,CLS21-0142;032,2
B,156,CLS21-0118;022,2
B,458,CLS21-0622;013,2
B,273,CLS21-0172;012,2
B,263,CLS21-0172;002,2
B,446,CLS21-0622;001,2
B,495,CLS21-0685;016,2
B,457,CLS21-0622;012,2
B,411,CLS21-0199;034,2
B,331,CLS21-0178;033,2
B,396,CLS21-0199;019,2
B,206,CLS21-0142;029,2
B,522,CLS21-0755;008,2
B,370,CLS21-0179;033,2
B,47,CLS21-0050;037,2
B,171,CLS21-0118;037,2
B,79,CLS21-0111;024,2
B,635,CLS21-0906;026,2
B,90,CLS21-0111;035,2
B,92,CLS21-0114;002,2
B,36,CLS21-0050;026,2
B,502,CLS21-0685;023,2
B,448,CLS21-0622;003,2
B,149,CLS21-0118;015,2
B,55,CLS21-0050;045,2
B,126,CLS21-0114;036,2
B,518,CLS21-0755;004,2
B,221,CLS21-0169;002,2
B,442,CLS21-0512;027,2
B,410,CLS21-0199;033,2
B,366,CLS21-0179;029,2
B,450,CLS21-0622;005,2
B,651,CLS21-0906;042,2
B,111,CLS21-0114;021,2
B,203,CLS21-0142;026,2
B,154,CLS21-0118;020,2
B,307,CLS21-0178;009,2
B,290,CLS21-0172;029,2
B,640,CLS21-0906;031,2
B,524,CLS21-0755;010,2
B,160,CLS21-0118;026,2
B,374,CLS21-0179;037,2
B,619,CLS21-0906;010,2
B,500,CLS21-0685;021,2
B,391,CLS21-0199;014,2
B,326,CLS21-0178;028,2
B,377,CLS21-0179;040,2
B,151,CLS21-0118;017,2
B,639,CLS21-0906;030,2
B,449,CLS21-0622;004,2
B,289,CLS21-0172;028,2
B,432,CLS21-0512;017,2
B,438,CLS21-0512;023,2
B,322,CLS21-0178;024,2
B,318,CLS21-0178;020,2
B,158,CLS21-0118;024,2
B,73,CLS21-0111;018,2
B,385,CLS21-0199;008,2
B,262,CLS21-0172;001,2
B,668,CLS21-0911;009,2
B,71,CLS21-0111;016,2
B,632,CLS21-0906;023,2
B,328,CLS21-0178;030,2
B,551,CLS21-0758;007,2
B,426,CLS21-0512;011,2
B,489,CLS21-0685;010,2
B,222,CLS21-0169;003,1
B,340,CLS21-0179;003,1
B,327,CLS21-0178;029,1
B,109,CLS21-0114;019,1
B,512,CLS21-0685;033,1
B,425,CLS21-0512;010,1
B,265,CLS21-0172;004,1
B,421,CLS21-0512;006,1
B,365,CLS21-0179;028,1
B,469,CLS21-0622;024,1
B,205,CLS21-0142;028,1
B,493,CLS21-0685;014,1
B,690,CLS21-0911;031,1
B,486,CLS21-0685;007,1
B,228,CLS21-0169;009,1
B,477,CLS21-0622;032,1
B,656,CLS21-0906;047,1
B,143,CLS21-0118;009,1
B,573,CLS21-0805;002,1
B,25,CLS21-0050;015,1
B,287,CLS21-0172;026,1
B,485,CLS21-0685;006,1
B,38,CLS21-0050;028,1
B,506,CLS21-0685;027,1
B,616,CLS21-0906;007,1
B,268,CLS21-0172;007,1
B,276,CLS21-0172;015,1
B,405,CLS21-0199;028,1
B,534,CLS21-0755;020,1
B,363,CLS21-0179;026,1
B,53,CLS21-0050;043,1
B,211,CLS21-0142;034,1
B,329,CLS21-0178;031,1
B,625,CLS21-0906;016,1
B,64,CLS21-0111;009,1
B,100,CLS21-0114;010,1
B,218,CLS21-0142;041,1
B,344,CLS21-0179;007,1
B,376,CLS21-0179;039,1
B,597,CLS21-0805;026,1
B,476,CLS21-0622;031,1
B,35,CLS21-0050;025,1
B,463,CLS21-0622;018,1
B,592,CLS21-0805;021,1
B,128,CLS21-0114;038,1
B,232,CLS21-0169;013,1
B,343,CLS21-0179;006,1
B,94,CLS21-0114;004,1
B,74,CLS21-0111;019,1
B,680,CLS21-0911;021,1
B,125,CLS21-0114;035,1
B,638,CLS21-0906;029,1
B,168,CLS21-0118;034,1
B,286,CLS21-0172;025,1
B,78,CLS21-0111;023,1
B,361,CLS21-0179;024,1
B,246,CLS21-0169;027,1
B,155,CLS21-0118;021,1
B,535,CLS21-0755;021,1
B,565,CLS21-0758;021,1
B,604,CLS21-0805;033,1
B,606,CLS21-0805;035,1
B,58,CLS21-0111;003,1
B,113,CLS21-0114;023,1
B,103,CLS21-0114;013,1
B,440,CLS21-0512;025,1
B,637,CLS21-0906;028,1
B,198,CLS21-0142;021,1
B,193,CLS21-0142;016,1
B,445,CLS21-0512;030,1
B,181,CLS21-0142;004,1
B,99,CLS21-0114;009,1
B,167,CLS21-0118;033,1
B,400,CLS21-0199;023,1
B,305,CLS21-0178;007,1
B,124,CLS21-0114;034,1
B,499,CLS21-0685;020,1
B,474,CLS21-0622;029,1
B,509,CLS21-0685;030,1
B,664,CLS21-0911;005,1
B,383,CLS21-0199;006,1
B,69,CLS21-0111;014,1
B,174,CLS21-0118;040,1
B,345,CLS21-0179;008,1
B,433,CLS21-0512;018,1
B,684,CLS21-0911;025,1
B,673,CLS21-0911;014,1
B,372,CLS21-0179;035,1
B,399,CLS21-0199;022,1
B,602,CLS21-0805;031,1
B,587,CLS21-0805;016,1
B,688,CLS21-0911;029,1
B,142,CLS21-0118;008,1
B,536,CLS21-0755;022,1
B,583,CLS21-0805;012,1
B,562,CLS21-0758;018,1
B,634,CLS21-0906;025,1
B,403,CLS21-0199;026,1
B,663,CLS21-0911;004,1
B,503,CLS21-0685;024,1
B,584,CLS21-0805;013,1
B,280,CLS21-0172;019,1
B,325,CLS21-0178;027,1
B,412,CLS21-0199;035,1
B,179,CLS21-0142;002,1
B,439,CLS21-0512;024,1
B,435,CLS21-0512;020,1
B,605,CLS21-0805;034,1
B,462,CLS21-0622;017,1
B,202,CLS21-0142;025,1
B,627,CLS21-0906;018,1
B,333,CLS21-0178;035,1
B,595,CLS21-0805;024,1
B,510,CLS21-0685;031,1
B,29,CLS21-0050;019,1
B,478,CLS21-0622;033,1
B,236,CLS21-0169;017,1
B,207,CLS21-0142;030,1
B,213,CLS21-0142;036,1
B,685,CLS21-0911;026,1
B,514,CLS21-0685;035,1
B,451,CLS21-0622;006,1
B,237,CLS21-0169;018,1
B,297,CLS21-0172;036,1
B,117,CLS21-0114;027,1
B,539,CLS21-0755;025,1
B,180,CLS21-0142;003,1
B,621,CLS21-0906;012,1
B,138,CLS21-0118;004,1
B,291,CLS21-0172;030,1
B,129,CLS21-0114;039,1
B,223,CLS21-0169;004,1
B,46,CLS21-0050;036,1
B,11,CLS21-0050;001,1
B,681,CLS21-0911;022,1
B,483,CLS21-0685;004,1
B,133,CLS21-0114;043,1
B,191,CLS21-0142;014,1
B,337,CLS21-0178;039,1
B,679,CLS21-0911;020,1
B,186,CLS21-0142;009,1
B,86,CLS21-0111;031,1
B,75,CLS21-0111;020,1
B,13,CLS21-0050;003,1
B,636,CLS21-0906;027,1
B,456,CLS21-0622;011,1
B,550,CLS21-0758;006,1
B,511,CLS21-0685;032,1
B,140,CLS21-0118;006,1
B,491,CLS21-0685;012,1
B,33,CLS21-0050;023,1
B,61,CLS21-0111;006,1
B,44,CLS21-0050;034,1
B,401,CLS21-0199;024,1
B,277,CLS21-0172;016,1
B,306,CLS21-0178;008,1
B,224,CLS21-0169;005,1
B,533,CLS21-0755;019,1
B,610,CLS21-0906;001,1
B,388,CLS21-0199;011,1
B,59,CLS21-0111;004,1
B,369,CLS21-0179;032,1
B,643,CLS21-0906;034,1
B,54,CLS21-0050;044,1
B,428,CLS21-0512;013,1
B,31,CLS21-0050;021,1
B,545,CLS21-0758;001,1
B,34,CLS21-0050;024,1
B,487,CLS21-0685;008,1
B,559,CLS21-0758;015,1
B,414,CLS21-0199;037,1
B,467,CLS21-0622;022,1
B,120,CLS21-0114;030,1
B,423,CLS21-0512;008,1
B,278,CLS21-0172;017,1
B,427,CLS21-0512;012,1
B,589,CLS21-0805;018,1
B,259,CLS21-0169;040,1
B,339,CLS21-0179;002,1
B,45,CLS21-0050;035,1
B,542,CLS21-0755;028,1
B,406,CLS21-0199;029,1
B,682,CLS21-0911;023,1
B,252,CLS21-0169;033,1
B,658,CLS21-0906;049,1
B,190,CLS21-0142;013,1
B,516,CLS21-0755;002,1
B,660,CLS21-0911;001,1
B,523,CLS21-0755;009,1
B,225,CLS21-0169;006,1
B,17,CLS21-0050;007,1
B,689,CLS21-0911;030,1
B,336,CLS21-0178;038,1
B,233,CLS21-0169;014,1
B,242,CLS21-0169;023,1
B,18,CLS21-0050;008,1
B,24,CLS21-0050;014,1
B,238,CLS21-0169;019,1
B,298,CLS21-0172;037,1
B,661,CLS21-0911;002,1
B,42,CLS21-0050;032,1
B,302,CLS21-0178;004,1
B,666,CLS21-0911;007,1
B,395,CLS21-0199;018,1
B,466,CLS21-0622;021,1
B,316,CLS21-0178;018,1
B,422,CLS21-0512;007,1
B,563,CLS21-0758;019,1
B,687,CLS21-0911;028,1
B,137,CLS21-0118;003,1
B,152,CLS21-0118;018,1
B,598,CLS21-0805;027,1
B,497,CLS21-0685;018,1
B,622,CLS21-0906;013,1
B,82,CLS21-0111;027,1
B,341,CLS21-0179;004,1
B,145,CLS21-0118;011,1
B,200,CLS21-0142;023,1
B,398,CLS21-0199;021,1
B,520,CLS21-0755;006,1
B,19,CLS21-0050;009,1
B,347,CLS21-0179;010,1
B,494,CLS21-0685;015,1
B,356,CLS21-0179;019,1
B,189,CLS21-0142;012,1
B,373,CLS21-0179;036,1
B,37,CLS21-0050;027,1
B,481,CLS21-0685;002,1
B,41,CLS21-0050;031,1
B,285,CLS21-0172;024,1
B,220,CLS21-0169;001,1
B,521,CLS21-0755;007,1
B,39,CLS21-0050;029,1
B,23,CLS21-0050;013,1
B,350,CLS21-0179;013,1
B,84,CLS21-0111;029,1
B,148,CLS21-0118;014,1
B,231,CLS21-0169;012,1
B,671,CLS21-0911;012,1
B,501,CLS21-0685;022,1
B,429,CLS21-0512;014,1
B,240,CLS21-0169;021,1
B,650,CLS21-0906;041,1
B,515,CLS21-0755;001,1
B,382,CLS21-0199;005,1
B,169,CLS21-0118;035,1
B,387,CLS21-0199;010,1
B,431,CLS21-0512;016,1
B,570,CLS21-0758;026,1
B,352,CLS21-0179;015,1
B,269,CLS21-0172;008,1
B,173,CLS21-0118;039,1
B,56,CLS21-0111;001,1
B,91,CLS21-0114;001,1
B,630,CLS21-0906;021,1
B,294,CLS21-0172;033,1
B,270,CLS21-0172;009,1
B,537,CLS21-0755;023,1
B,282,CLS21-0172;021,1
B,257,CLS21-0169;038,1
B,546,CLS21-0758;002,1
B,359,CLS21-0179;022,1
B,647,CLS21-0906;038,1
B,57,CLS21-0111;002,1
B,30,CLS21-0050;020,1
B,646,CLS21-0906;037,1
B,591,CLS21-0805;020,1
B,107,CLS21-0114;017,1
B,197,CLS21-0142;020,1
B,324,CLS21-0178;026,1
B,210,CLS21-0142;033,1
B,579,CLS21-0805;008,1
B,108,CLS21-0114;018,1
B,176,CLS21-0118;042,1
B,357,CLS21-0179;020,1
B,672,CLS21-0911;013,1
B,475,CLS21-0622;030,1
B,139,CLS21-0118;005,1
B,492,CLS21-0685;013,1
B,199,CLS21-0142;022,1
B,461,CLS21-0622;016,1
B,271,CLS21-0172;010,1
B,67,CLS21-0111;012,1
B,577,CLS21-0805;006,1
B,657,CLS21-0906;048,1
B,393,CLS21-0199;016,1
B,342,CLS21-0179;005,1
B,226,CLS21-0169;007,1
B,437,CLS21-0512;022,1
B,85,CLS21-0111;030,1
B,227,CLS21-0169;008,1
B,12,CLS21-0050;002,1
B,418,CLS21-0512;003,1
B,641,CLS21-0906;032,1
B,544,CLS21-0755;030,1
B,571,CLS21-0758;027,1
B,367,CLS21-0179;030,1
B,110,CLS21-0114;020,1
B,62,CLS21-0111;007,1
B,675,CLS21-0911;016,1
B,293,CLS21-0172;032,1
B,566,CLS21-0758;022,1
B,420,CLS21-0512;005,1
B,40,CLS21-0050;030,1
B,508,CLS21-0685;029,1
B,578,CLS21-0805;007,1
B,670,CLS21-0911;011,1
B,351,CLS21-0179;014,1
B,163,CLS21-0118;029,1
B,264,CLS21-0172;003,1
B,608,CLS21-0805;037,1
B,430,CLS21-0512;015,1
B,123,CLS21-0114;033,1
B,498,CLS21-0685;019,1
B,309,CLS21-0178;011,1
B,267,CLS21-0172;006,1
B,371,CLS21-0179;034,1
B,204,CLS21-0142;027,1
B,649,CLS21-0906;040,1
B,380,CLS21-0199;003,1
B,172,CLS21-0118;038,1
B,555,CLS21-0758;011,1
B,596,CLS21-0805;025,1
B,239,CLS21-0169;020,1
B,50,CLS21-0050;040,1
B,312,CLS21-0178;014,1
B,162,CLS21-0118;028,1
B,349,CLS21-0179;012,1
B,105,CLS21-0114;015,1
B,32,CLS21-0050;022,1
B,134,CLS21-0114;044,1
B,554,CLS21-0758;010,1
B,444,CLS21-0512;029,1
B,609,CLS21-0805;038,1
B,72,CLS21-0111;017,1
B,296,CLS21-0172;035,1
B,667,CLS21-0911;008,1
B,557,CLS21-0758;013,1
B,284,CLS21-0172;023,1
B,471,CLS21-0622;026,1
B,256,CLS21-0169;037,1
B,590,CLS21-0805;019,1
B,543,CLS21-0755;029,1
B,184,CLS21-0142;007,1
B,629,CLS21-0906;020,1
B,434,CLS21-0512;019,1
B,404,CLS21-0199;027,1
B,283,CLS21-0172;022,1
B,147,CLS21-0118;013,1
B,556,CLS21-0758;012,1
B,22,CLS21-0050;012,1
B,659,CLS21-0906;050,1
B,529,CLS21-0755;015,1
B,468,CLS21-0622;023,1
B,607,CLS21-0805;036,1
B,653,CLS21-0906;044,1
B,588,CLS21-0805;017,1
B,402,CLS21-0199;025,1
B,424,CLS21-0512;009,1
B,27,CLS21-0050;017,1
B,175,CLS21-0118;041,1
B,144,CLS21-0118;010,1
B,526,CLS21-0755;012,1
B,348,CLS21-0179;011,1
B,266,CLS21-0172;005,1
B,214,CLS21-0142;037,1
B,484,CLS21-0685;005,1
B,219,CLS21-0142;042,1
B,254,CLS21-0169;035,1
B,669,CLS21-0911;010,1
B,212,CLS21-0142;035,1
B,507,CLS21-0685;028,1
B,568,CLS21-0758;024,1
B,201,CLS21-0142;024,1
B,488,CLS21-0685;009,1
B,234,CLS21-0169;015,1
B,392,CLS21-0199;015,1
B,567,CLS21-0758;023,1
B,464,CLS21-0622;019,1
B,473,CLS21-0622;028,1
B,248,CLS21-0169;029,1
B,394,CLS21-0199;017,1
B,52,CLS21-0050;042,1
B,166,CLS21-0118;032,1
B,358,CLS21-0179;021,1
B,538,CLS21-0755;024,1
B,611,CLS21-0906;002,1
B,310,CLS21-0178;012,1
B,244,CLS21-0169;025,1
B,665,CLS21-0911;006,1
B,419,CLS21-0512;004,1
B,553,CLS21-0758;009,1
B,560,CLS21-0758;016,1
B,241,CLS21-0169;022,1
B,299,CLS21-0178;001,1
B,332,CLS21-0178;034,1
B,645,CLS21-0906;036,1
B,626,CLS21-0906;017,1
B,26,CLS21-0050;016,1
B,112,CLS21-0114;022,1
B,561,CLS21-0758;017,1
B,51,CLS21-0050;041,1
B,28,CLS21-0050;018,1
B,83,CLS21-0111;028,1
B,288,CLS21-0172;027,1
B,49,CLS21-0050;039,1
B,141,CLS21-0118;007,1
B,77,CLS21-0111;022,1
B,548,CLS21-0758;004,1
B,217,CLS21-0142;040,1
B,631,CLS21-0906;022,1
B,185,CLS21-0142;008,1
B,301,CLS21-0178;003,1
B,48,CLS21-0050;038,1
B,613,CLS21-0906;004,1
B,564,CLS21-0758;020,1
B,258,CLS21-0169;039,1
B,187,CLS21-0142;010,1
B,480,CLS21-0685;001,1
B,482,CLS21-0685;003,1
B,549,CLS21-0758;005,1
B,102,CLS21-0114;012,1
B,375,CLS21-0179;038,1
B,136,CLS21-0118;002,1
B,245,CLS21-0169;026,1
B,170,CLS21-0118;036,1
B,517,CLS21-0755;003,1
B,652,CLS21-0906;043,1
B,436,CLS21-0512;021,1
B,540,CLS21-0755;026,1
B,397,CLS21-0199;020,1
B,594,CLS21-0805;023,1
B,279,CLS21-0172;018,1
B,599,CLS21-0805;028,1
B,353,CLS21-0179;016,1
B,300,CLS21-0178;002,1
B,95,CLS21-0114;005,1
B,330,CLS21-0178;032,1
B,303,CLS21-0178;005,1
B,389,CLS21-0199;012,1
B,177,CLS21-0118;043,1
B,346,CLS21-0179;009,1
B,21,CLS21-0050;011,1
B,66,CLS21-0111;011,1
B,409,CLS21-0199;032,1
B,315,CLS21-0178;017,1
B,378,CLS21-0199;001,1
B,183,CLS21-0142;006,1
B,295,CLS21-0172;034,1
B,355,CLS21-0179;018,1
B,614,CLS21-0906;005,1
B,116,CLS21-0114;026,1
B,255,CLS21-0169;036,1
B,362,CLS21-0179;025,1
B,104,CLS21-0114;014,1
B,260,CLS21-0169;041,1
B,677,CLS21-0911;018,1
B,417,CLS21-0512;002,1
B,368,CLS21-0179;031,1
B,674,CLS21-0911;015,1
B,157,CLS21-0118;023,1
B,150,CLS21-0118;016,1
B,323,CLS21-0178;025,1
B,662,CLS21-0911;003,1
B,320,CLS21-0178;022,1
B,408,CLS21-0199;031,1
B,623,CLS21-0906;014,1
B,390,CLS21-0199;013,1
B,479,CLS21-0622;034,1
B,261,CLS21-0169;042,1
B,216,CLS21-0142;039,1
B,459,CLS21-0622;014,1
B,208,CLS21-0142;031,1
B,601,CLS21-0805;030,1
B,505,CLS21-0685;026,1
B,569,CLS21-0758;025,1
B,165,CLS21-0118;031,1
B,655,CLS21-0906;046,1
B,132,CLS21-0114;042,1
B,585,CLS21-0805;014,1
B,275,CLS21-0172;014,1
B,644,CLS21-0906;035,1
B,547,CLS21-0758;003,1
B,441,CLS21-0512;026,1
B,68,CLS21-0111;013,1
B,490,CLS21-0685;011,1
B,678,CLS21-0911;019,1
B,600,CLS21-0805;029,1
B,455,CLS21-0622;010,1
B,407,CLS21-0199;030,1
B,60,CLS21-0111;005,1
B,250,CLS21-0169;031,1
B,379,CLS21-0199;002,1
B,101,CLS21-0114;011,1
B,580,CLS21-0805;009,1
B,96,CLS21-0114;006,1
B,615,CLS21-0906;006,1
B,235,CLS21-0169;016,1
B,691,CLS21-0911;032,1
B,593,CLS21-0805;022,1
B,229,CLS21-0169;010,1
B,292,CLS21-0172;031,1
B,335,CLS21-0178;037,1
B,15,CLS21-0050;005,1
B,251,CLS21-0169;032,1
B,319,CLS21-0178;021,1
B,317,CLS21-0178;019,1
B,253,CLS21-0169;034,1
B,97,CLS21-0114;007,1
B,581,CLS21-0805;010,1
B,188,CLS21-0142;011,1
C,1,temoin_1,2
C,2,temoin_2,2
C,3,temoin_3,2
C,4,temoin_4,2
C,5,temoin_5,2
C,6,temoin_6,2
C,7,temoin_7,2
C,8,temoin_8,2
C,9,temoin_9,2
C,10,temoin_10,2
C,414,CLS21-0199;037,2
C,467,CLS21-0622;022,2
C,120,CLS21-0114;030,2
C,423,CLS21-0512;008,2
C,278,CLS21-0172;017,2
C,427,CLS21-0512;012,2
C,589,CLS21-0805;018,2
C,259,CLS21-0169;040,2
C,339,CLS21-0179;002,2
C,45,CLS21-0050;035,2
C,542,CLS21-0755;028,2
C,406,CLS21-0199;029,2
C,682,CLS21-0911;023,2
C,252,CLS21-0169;033,2
C,658,CLS21-0906;049,2
C,190,CLS21-0142;013,2
C,516,CLS21-0755;002,2
C,660,CLS21-0911;001,2
C,523,CLS21-0755;009,2
C,225,CLS21-0169;006,2
C,17,CLS21-0050;007,2
C,689,CLS21-0911;030,2
C,336,CLS21-0178;038,2
C,233,CLS21-0169;014,2
C,242,CLS21-0169;023,2
C,18,CLS21-0050;008,2
C,24,CLS21-0050;014,2
C,238,CLS21-0169;019,2
C,298,CLS21-0172;037,2
C,661,CLS21-0911;002,2
C,42,CLS21-0050;032,2
C,302,CLS21-0178;004,2
C,666,CLS21-0911;007,2
C,395,CLS21-0199;018,2
C,466,CLS21-0622;021,2
C,316,CLS21-0178;018,2
C,422,CLS21-0512;007,2
C,563,CLS21-0758;019,2
C,687,CLS21-0911;028,2
C,137,CLS21-0118;003,2
C,152,CLS21-0118;018,2
C,598,CLS21-0805;027,2
C,497,CLS21-0685;018,2
C,622,CLS21-0906;013,2
C,82,CLS21-0111;027,2
C,341,CLS21-0179;004,2
C,145,CLS21-0118;011,2
C,200,CLS21-0142;023,2
C,398,CLS21-0199;021,2
C,520,CLS21-0755;006,2
C,19,CLS21-0050;009,2
C,347,CLS21-0179;010,2
C,494,CLS21-0685;015,2
C,356,CLS21-0179;019,2
C,189,CLS21-0142;012,2
C,373,CLS21-0179;036,2
C,37,CLS21-0050;027,2
C,481,CLS21-0685;002,2
C,41,CLS21-0050;031,2
C,285,CLS21-0172;024,2
C,220,CLS21-0169;001,2
C,521,CLS21-0755;007,2
C,39,CLS21-0050;029,2
C,23,CLS21-0050;013,2
C,350,CLS21-0179;013,2
C,84,CLS21-0111;029,2
C,148,CLS21-0118;014,2
C,231,CLS21-0169;012,2
C,671,CLS21-0911;012,2
C,501,CLS21-0685;022,2
C,429,CLS21-0512;014,2
C,240,CLS21-0169;021,2
C,650,CLS21-0906;041,2
C,515,CLS21-0755;001,2
C,382,CLS21-0199;005,2
C,169,CLS21-0118;035,2
C,387,CLS21-0199;010,2
C,431,CLS21-0512;016,2
C,570,CLS21-0758;026,2
C,352,CLS21-0179;015,2
C,269,CLS21-0172;008,2
C,173,CLS21-0118;039,2
C,56,CLS21-0111;001,2
C,91,CLS21-0114;001,2
C,630,CLS21-0906;021,2
C,294,CLS21-0172;033,2
C,270,CLS21-0172;009,2
C,537,CLS21-0755;023,2
C,282,CLS21-0172;021,2
C,257,CLS21-0169;038,2
C,546,CLS21-0758;002,2
C,359,CLS21-0179;022,2
C,647,CLS21-0906;038,2
C,57,CLS21-0111;002,2
C,30,CLS21-0050;020,2
C,646,CLS21-0906;037,2
C,591,CLS21-0805;020,2
C,107,CLS21-0114;017,2
C,197,CLS21-0142;020,2
C,324,CLS21-0178;026,2
C,210,CLS21-0142;033,2
C,579,CLS21-0805;008,2
C,108,CLS21-0114;018,2
C,176,CLS21-0118;042,2
C,357,CLS21-0179;020,2
C,672,CLS21-0911;013,2
C,475,CLS21-0622;030,2
C,139,CLS21-0118;005,2
C,492,CLS21-0685;013,2
C,199,CLS21-0142;022,2
C,461,CLS21-0622;016,2
C,271,CLS21-0172;010,2
C,67,CLS21-0111;012,2
C,577,CLS21-0805;006,2
C,657,CLS21-0906;048,2
C,393,CLS21-0199;016,2
C,342,CLS21-0179;005,2
C,226,CLS21-0169;007,2
C,437,CLS21-0512;022,2
C,85,CLS21-0111;030,2
C,227,CLS21-0169;008,2
C,12,CLS21-0050;002,2
C,418,CLS21-0512;003,2
C,641,CLS21-0906;032,2
C,544,CLS21-0755;030,2
C,571,CLS21-0758;027,2
C,367,CLS21-0179;030,2
C,110,CLS21-0114;020,2
C,62,CLS21-0111;007,2
C,675,CLS21-0911;016,2
C,293,CLS21-0172;032,2
C,566,CLS21-0758;022,2
C,420,CLS21-0512;005,2
C,40,CLS21-0050;030,2
C,508,CLS21-0685;029,2
C,578,CLS21-0805;007,2
C,670,CLS21-0911;011,2
C,351,CLS21-0179;014,2
C,163,CLS21-0118;029,2
C,264,CLS21-0172;003,2
C,608,CLS21-0805;037,2
C,430,CLS21-0512;015,2
C,123,CLS21-0114;033,2
C,498,CLS21-0685;019,2
C,309,CLS21-0178;011,2
C,267,CLS21-0172;006,2
C,371,CLS21-0179;034,2
C,204,CLS21-0142;027,2
C,649,CLS21-0906;040,2
C,380,CLS21-0199;003,2
C,172,CLS21-0118;038,2
C,555,CLS21-0758;011,2
C,596,CLS21-0805;025,2
C,239,CLS21-0169;020,2
C,50,CLS21-0050;040,2
C,312,CLS21-0178;014,2
C,162,CLS21-0118;028,2
C,349,CLS21-0179;012,2
C,105,CLS21-0114;015,2
C,32,CLS21-0050;022,2
C,134,CLS21-0114;044,2
C,554,CLS21-0758;010,2
C,444,CLS21-0512;029,2
C,609,CLS21-0805;038,2
C,72,CLS21-0111;017,2
C,296,CLS21-0172;035,2
C,667,CLS21-0911;008,2
C,557,CLS21-0758;013,2
C,284,CLS21-0172;023,2
C,471,CLS21-0622;026,2
C,222,CLS21-0169;003,1
C,340,CLS21-0179;003,1
C,327,CLS21-0178;029,1
C,109,CLS21-0114;019,1
C,512,CLS21-0685;033,1
C,425,CLS21-0512;010,1
C,265,CLS21-0172;004,1
C,421,CLS21-0512;006,1
C,365,CLS21-0179;028,1
C,469,CLS21-0622;024,1
C,205,CLS21-0142;028,1
C,493,CLS21-0685;014,1
C,690,CLS21-0911;031,1
C,486,CLS21-0685;007,1
C,228,CLS21-0169;009,1
C,477,CLS21-0622;032,1
C,656,CLS21-0906;047,1
C,143,CLS21-0118;009,1
C,573,CLS21-0805;002,1
C,25,CLS21-0050;015,1
C,287,CLS21-0172;026,1
C,485,CLS21-0685;006,1
C,38,CLS21-0050;028,1
C,506,CLS21-0685;027,1
C,616,CLS21-0906;007,1
C,268,CLS21-0172;007,1
C,276,CLS21-0172;015,1
C,405,CLS21-0199;028,1
C,534,CLS21-0755;020,1
C,363,CLS21-0179;026,1
C,53,CLS21-0050;043,1
C,211,CLS21-0142;034,1
C,329,CLS21-0178;031,1
C,625,CLS21-0906;016,1
C,64,CLS21-0111;009,1
C,100,CLS21-0114;010,1
C,218,CLS21-0142;041,1
C,344,CLS21-0179;007,1
C,376,CLS21-0179;039,1
C,597,CLS21-0805;026,1
C,476,CLS21-0622;031,1
C,35,CLS21-0050;025,1
C,463,CLS21-0622;018,1
C,592,CLS21-0805;021,1
C,128,CLS21-0114;038,1
C,232,CLS21-0169;013,1
C,343,CLS21-0179;006,1
C,94,CLS21-0114;004,1
C,74,CLS21-0111;019,1
C,680,CLS21-0911;021,1
C,125,CLS21-0114;035,1
C,638,CLS21-0906;029,1
C,168,CLS21-0118;034,1
C,286,CLS21-0172;025,1
C,78,CLS21-0111;023,1
C,361,CLS21-0179;024,1
C,246,CLS21-0169;027,1
C,155,CLS21-0118;021,1
C,535,CLS21-0755;021,1
C,565,CLS21-0758;021,1
C,604,CLS21-0805;033,1
C,606,CLS21-0805;035,1
C,58,CLS21-0111;003,1
C,113,CLS21-0114;023,1
C,103,CLS21-0114;013,1
C,440,CLS21-0512;025,1
C,637,CLS21-0906;028,1
C,198,CLS21-0142;021,1
C,193,CLS21-0142;016,1
C,445,CLS21-0512;030,1
C,181,CLS21-0142;004,1
C,99,CLS21-0114;009,1
C,167,CLS21-0118;033,1
C,400,CLS21-0199;023,1
C,305,CLS21-0178;007,1
C,124,CLS21-0114;034,1
C,499,CLS21-0685;020,1
C,474,CLS21-0622;029,1
C,509,CLS21-0685;030,1
C,664,CLS21-0911;005,1
C,383,CLS21-0199;006,1
C,69,CLS21-0111;014,1
C,174,CLS21-0118;040,1
C,345,CLS21-0179;008,1
C,433,CLS21-0512;018,1
C,684,CLS21-0911;025,1
C,673,CLS21-0911;014,1
C,372,CLS21-0179;035,1
C,399,CLS21-0199;022,1
C,602,CLS21-0805;031,1
C,587,CLS21-0805;016,1
C,688,CLS21-0911;029,1
C,142,CLS21-0118;008,1
C,536,CLS21-0755;022,1
C,583,CLS21-0805;012,1
C,562,CLS21-0758;018,1
C,634,CLS21-0906;025,1
C,403,CLS21-0199;026,1
C,663,CLS21-0911;004,1
C,503,CLS21-0685;024,1
C,584,CLS21-0805;013,1
C,280,CLS21-0172;019,1
C,325,CLS21-0178;027,1
C,412,CLS21-0199;035,1
C,179,CLS21-0142;002,1
C,439,CLS21-0512;024,1
C,435,CLS21-0512;020,1
C,605,CLS21-0805;034,1
C,462,CLS21-0622;017,1
C,202,CLS21-0142;025,1
C,627,CLS21-0906;018,1
C,333,CLS21-0178;035,1
C,595,CLS21-0805;024,1
C,510,CLS21-0685;031,1
C,29,CLS21-0050;019,1
C,478,CLS21-0622;033,1
C,236,CLS21-0169;017,1
C,207,CLS21-0142;030,1
C,213,CLS21-0142;036,1
C,685,CLS21-0911;026,1
C,514,CLS21-0685;035,1
C,451,CLS21-0622;006,1
C,237,CLS21-0169;018,1
C,297,CLS21-0172;036,1
C,117,CLS21-0114;027,1
C,539,CLS21-0755;025,1
C,180,CLS21-0142;003,1
C,621,CLS21-0906;012,1
C,138,CLS21-0118;004,1
C,291,CLS21-0172;030,1
C,129,CLS21-0114;039,1
C,223,CLS21-0169;004,1
C,46,CLS21-0050;036,1
C,11,CLS21-0050;001,1
C,681,CLS21-0911;022,1
C,483,CLS21-0685;004,1
C,133,CLS21-0114;043,1
C,191,CLS21-0142;014,1
C,337,CLS21-0178;039,1
C,679,CLS21-0911;020,1
C,186,CLS21-0142;009,1
C,86,CLS21-0111;031,1
C,75,CLS21-0111;020,1
C,13,CLS21-0050;003,1
C,636,CLS21-0906;027,1
C,456,CLS21-0622;011,1
C,550,CLS21-0758;006,1
C,511,CLS21-0685;032,1
C,140,CLS21-0118;006,1
C,491,CLS21-0685;012,1
C,33,CLS21-0050;023,1
C,61,CLS21-0111;006,1
C,44,CLS21-0050;034,1
C,401,CLS21-0199;024,1
C,277,CLS21-0172;016,1
C,306,CLS21-0178;008,1
C,224,CLS21-0169;005,1
C,533,CLS21-0755;019,1
C,610,CLS21-0906;001,1
C,388,CLS21-0199;011,1
C,59,CLS21-0111;004,1
C,369,CLS21-0179;032,1
C,643,CLS21-0906;034,1
C,54,CLS21-0050;044,1
C,428,CLS21-0512;013,1
C,31,CLS21-0050;021,1
C,545,CLS21-0758;001,1
C,34,CLS21-0050;024,1
C,487,CLS21-0685;008,1
C,559,CLS21-0758;015,1
C,519,CLS21-0755;005,1
C,496,CLS21-0685;017,1
C,541,CLS21-0755;027,1
C,314,CLS21-0178;016,1
C,281,CLS21-0172;020,1
C,63,CLS21-0111;008,1
C,159,CLS21-0118;025,1
C,106,CLS21-0114;016,1
C,164,CLS21-0118;030,1
C,118,CLS21-0114;028,1
C,530,CLS21-0755;016,1
C,452,CLS21-0622;007,1
C,676,CLS21-0911;017,1
C,633,CLS21-0906;024,1
C,416,CLS21-0512;001,1
C,130,CLS21-0114;040,1
C,617,CLS21-0906;008,1
C,447,CLS21-0622;002,1
C,119,CLS21-0114;029,1
C,528,CLS21-0755;014,1
C,311,CLS21-0178;013,1
C,43,CLS21-0050;033,1
C,114,CLS21-0114;024,1
C,654,CLS21-0906;045,1
C,146,CLS21-0118;012,1
C,88,CLS21-0111;033,1
C,215,CLS21-0142;038,1
C,558,CLS21-0758;014,1
C,525,CLS21-0755;011,1
C,93,CLS21-0114;003,1
C,413,CLS21-0199;036,1
C,618,CLS21-0906;009,1
C,304,CLS21-0178;006,1
C,195,CLS21-0142;018,1
C,338,CLS21-0179;001,1
C,192,CLS21-0142;015,1
C,504,CLS21-0685;025,1
C,153,CLS21-0118;019,1
C,196,CLS21-0142;019,1
C,364,CLS21-0179;027,1
C,686,CLS21-0911;027,1
C,131,CLS21-0114;041,1
C,603,CLS21-0805;032,1
C,574,CLS21-0805;003,1
C,243,CLS21-0169;024,1
C,586,CLS21-0805;015,1
C,575,CLS21-0805;004,1
C,249,CLS21-0169;030,1
C,70,CLS21-0111;015,1
C,182,CLS21-0142;005,1
C,384,CLS21-0199;007,1
C,178,CLS21-0142;001,1
C,531,CLS21-0755;017,1
C,321,CLS21-0178;023,1
C,14,CLS21-0050;004,1
C,20,CLS21-0050;010,1
C,642,CLS21-0906;033,1
C,460,CLS21-0622;015,1
C,454,CLS21-0622;009,1
C,16,CLS21-0050;006,1
C,308,CLS21-0178;010,1
C,624,CLS21-0906;015,1
C,620,CLS21-0906;011,1
C,443,CLS21-0512;028,1
C,472,CLS21-0622;027,1
C,612,CLS21-0906;003,1
C,683,CLS21-0911;024,1
C,65,CLS21-0111;010,1
C,572,CLS21-0805;001,1
C,81,CLS21-0111;026,1
C,247,CLS21-0169;028,1
C,527,CLS21-0755;013,1
C,122,CLS21-0114;032,1
C,381,CLS21-0199;004,1
C,552,CLS21-0758;008,1
C,272,CLS21-0172;011,1
C,135,CLS21-0118;001,1
C,582,CLS21-0805;011,1
C,513,CLS21-0685;034,1
C,80,CLS21-0111;025,1
C,313,CLS21-0178;015,1
C,648,CLS21-0906;039,1
C,354,CLS21-0179;017,1
C,415,CLS21-0199;038,1
C,334,CLS21-0178;036,1
C,89,CLS21-0111;034,1
C,230,CLS21-0169;011,1
C,470,CLS21-0622;025,1
C,76,CLS21-0111;021,1
C,465,CLS21-0622;020,1
C,453,CLS21-0622;008,1
C,628,CLS21-0906;019,1
C,121,CLS21-0114;031,1
C,98,CLS21-0114;008,1
C,274,CLS21-0172;013,1
C,386,CLS21-0199;009,1
C,127,CLS21-0114;037,1
C,532,CLS21-0755;018,1
C,576,CLS21-0805;005,1
C,360,CLS21-0179;023,1
C,115,CLS21-0114;025,1
C,161,CLS21-0118;027,1
C,194,CLS21-0142;017,1
C,87,CLS21-0111;032,1
C,209,CLS21-0142;032,1
C,156,CLS21-0118;022,1
C,458,CLS21-0622;013,1
C,273,CLS21-0172;012,1
C,263,CLS21-0172;002,1
C,446,CLS21-0622;001,1
C,495,CLS21-0685;016,1
C,457,CLS21-0622;012,1
C,411,CLS21-0199;034,1
C,331,CLS21-0178;033,1
C,396,CLS21-0199;019,1
C,206,CLS21-0142;029,1
C,522,CLS21-0755;008,1
C,370,CLS21-0179;033,1
C,47,CLS21-0050;037,1
C,171,CLS21-0118;037,1
C,79,CLS21-0111;024,1
C,635,CLS21-0906;026,1
C,90,CLS21-0111;035,1
C,92,CLS21-0114;002,1
C,36,CLS21-0050;026,1
C,502,CLS21-0685;023,1
C,448,CLS21-0622;003,1
C,149,CLS21-0118;015,1
C,55,CLS21-0050;045,1
C,126,CLS21-0114;036,1
C,518,CLS21-0755;004,1
C,221,CLS21-0169;002,1
C,442,CLS21-0512;027,1
C,410,CLS21-0199;033,1
C,366,CLS21-0179;029,1
C,450,CLS21-0622;005,1
C,651,CLS21-0906;042,1
C,111,CLS21-0114;021,1
C,203,CLS21-0142;026,1
C,154,CLS21-0118;020,1
C,307,CLS21-0178;009,1
C,290,CLS21-0172;029,1
C,640,CLS21-0906;031,1
C,524,CLS21-0755;010,1
C,160,CLS21-0118;026,1
C,374,CLS21-0179;037,1
C,619,CLS21-0906;010,1
C,500,CLS21-0685;021,1
C,391,CLS21-0199;014,1
C,326,CLS21-0178;028,1
C,377,CLS21-0179;040,1
C,151,CLS21-0118;017,1
C,639,CLS21-0906;030,1
C,449,CLS21-0622;004,1
C,289,CLS21-0172;028,1
C,432,CLS21-0512;017,1
C,438,CLS21-0512;023,1
C,322,CLS21-0178;024,1
C,318,CLS21-0178;020,1
C,158,CLS21-0118;024,1
C,73,CLS21-0111;018,1
C,385,CLS21-0199;008,1
C,262,CLS21-0172;001,1
C,668,CLS21-0911;009,1
C,71,CLS21-0111;016,1
C,632,CLS21-0906;023,1
C,328,CLS21-0178;030,1
C,551,CLS21-0758;007,1
C,426,CLS21-0512;011,1
C,489,CLS21-0685;010,1
C,256,CLS21-0169;037,1
C,590,CLS21-0805;019,1
C,543,CLS21-0755;029,1
C,184,CLS21-0142;007,1
C,629,CLS21-0906;020,1
C,434,CLS21-0512;019,1
C,404,CLS21-0199;027,1
C,283,CLS21-0172;022,1
C,147,CLS21-0118;013,1
C,556,CLS21-0758;012,1
C,22,CLS21-0050;012,1
C,659,CLS21-0906;050,1
C,529,CLS21-0755;015,1
C,468,CLS21-0622;023,1
C,607,CLS21-0805;036,1
C,653,CLS21-0906;044,1
C,588,CLS21-0805;017,1
C,402,CLS21-0199;025,1
C,424,CLS21-0512;009,1
C,27,CLS21-0050;017,1
C,175,CLS21-0118;041,1
C,144,CLS21-0118;010,1
C,526,CLS21-0755;012,1
C,348,CLS21-0179;011,1
C,266,CLS21-0172;005,1
C,214,CLS21-0142;037,1
C,484,CLS21-0685;005,1
C,219,CLS21-0142;042,1
C,254,CLS21-0169;035,1
C,669,CLS21-0911;010,1
C,212,CLS21-0142;035,1
C,507,CLS21-0685;028,1
C,568,CLS21-0758;024,1
C,201,CLS21-0142;024,1
C,488,CLS21-0685;009,1
C,234,CLS21-0169;015,1
C,392,CLS21-0199;015,1
C,567,CLS21-0758;023,1
C,464,CLS21-0622;019,1
C,473,CLS21-0622;028,1
C,248,CLS21-0169;029,1
C,394,CLS21-0199;017,1
C,52,CLS21-0050;042,1
C,166,CLS21-0118;032,1
C,358,CLS21-0179;021,1
C,538,CLS21-0755;024,1
C,611,CLS21-0906;002,1
C,310,CLS21-0178;012,1
C,244,CLS21-0169;025,1
C,665,CLS21-0911;006,1
C,419,CLS21-0512;004,1
C,553,CLS21-0758;009,1
C,560,CLS21-0758;016,1
C,241,CLS21-0169;022,1
C,299,CLS21-0178;001,1
C,332,CLS21-0178;034,1
C,645,CLS21-0906;036,1
C,626,CLS21-0906;017,1
C,26,CLS21-0050;016,1
C,112,CLS21-0114;022,1
C,561,CLS21-0758;017,1
C,51,CLS21-0050;041,1
C,28,CLS21-0050;018,1
C,83,CLS21-0111;028,1
C,288,CLS21-0172;027,1
C,49,CLS21-0050;039,1
C,141,CLS21-0118;007,1
C,77,CLS21-0111;022,1
C,548,CLS21-0758;004,1
C,217,CLS21-0142;040,1
C,631,CLS21-0906;022,1
C,185,CLS21-0142;008,1
C,301,CLS21-0178;003,1
C,48,CLS21-0050;038,1
C,613,CLS21-0906;004,1
C,564,CLS21-0758;020,1
C,258,CLS21-0169;039,1
C,187,CLS21-0142;010,1
C,480,CLS21-0685;001,1
C,482,CLS21-0685;003,1
C,549,CLS21-0758;005,1
C,102,CLS21-0114;012,1
C,375,CLS21-0179;038,1
C,136,CLS21-0118;002,1
C,245,CLS21-0169;026,1
C,170,CLS21-0118;036,1
C,517,CLS21-0755;003,1
C,652,CLS21-0906;043,1
C,436,CLS21-0512;021,1
C,540,CLS21-0755;026,1
C,397,CLS21-0199;020,1
C,594,CLS21-0805;023,1
C,279,CLS21-0172;018,1
C,599,CLS21-0805;028,1
C,353,CLS21-0179;016,1
C,300,CLS21-0178;002,1
C,95,CLS21-0114;005,1
C,330,CLS21-0178;032,1
C,303,CLS21-0178;005,1
C,389,CLS21-0199;012,1
C,177,CLS21-0118;043,1
C,346,CLS21-0179;009,1
C,21,CLS21-0050;011,1
C,66,CLS21-0111;011,1
C,409,CLS21-0199;032,1
C,315,CLS21-0178;017,1
C,378,CLS21-0199;001,1
C,183,CLS21-0142;006,1
C,295,CLS21-0172;034,1
C,355,CLS21-0179;018,1
C,614,CLS21-0906;005,1
C,116,CLS21-0114;026,1
C,255,CLS21-0169;036,1
C,362,CLS21-0179;025,1
C,104,CLS21-0114;014,1
C,260,CLS21-0169;041,1
C,677,CLS21-0911;018,1
C,417,CLS21-0512;002,1
C,368,CLS21-0179;031,1
C,674,CLS21-0911;015,1
C,157,CLS21-0118;023,1
C,150,CLS21-0118;016,1
C,323,CLS21-0178;025,1
C,662,CLS21-0911;003,1
C,320,CLS21-0178;022,1
C,408,CLS21-0199;031,1
C,623,CLS21-0906;014,1
C,390,CLS21-0199;013,1
C,479,CLS21-0622;034,1
C,261,CLS21-0169;042,1
C,216,CLS21-0142;039,1
C,459,CLS21-0622;014,1
C,208,CLS21-0142;031,1
C,601,CLS21-0805;030,1
C,505,CLS21-0685;026,1
C,569,CLS21-0758;025,1
C,165,CLS21-0118;031,1
C,655,CLS21-0906;046,1
C,132,CLS21-0114;042,1
C,585,CLS21-0805;014,1
C,275,CLS21-0172;014,1
C,644,CLS21-0906;035,1
C,547,CLS21-0758;003,1
C,441,CLS21-0512;026,1
C,68,CLS21-0111;013,1
C,490,CLS21-0685;011,1
C,678,CLS21-0911;019,1
C,600,CLS21-0805;029,1
C,455,CLS21-0622;010,1
C,407,CLS21-0199;030,1
C,60,CLS21-0111;005,1
C,250,CLS21-0169;031,1
C,379,CLS21-0199;002,1
C,101,CLS21-0114;011,1
C,580,CLS21-0805;009,1
C,96,CLS21-0114;006,1
C,615,CLS21-0906;006,1
C,235,CLS21-0169;016,1
C,691,CLS21-0911;032,1
C,593,CLS21-0805;022,1
C,229,CLS21-0169;010,1
C,292,CLS21-0172;031,1
C,335,CLS21-0178;037,1
C,15,CLS21-0050;005,1
C,251,CLS21-0169;032,1
C,319,CLS21-0178;021,1
C,317,CLS21-0178;019,1
C,253,CLS21-0169;034,1
C,97,CLS21-0114;007,1
C,581,CLS21-0805;010,1
C,188,CLS21-0142;011,1
D,1,temoin_1,2
D,2,temoin_2,2
D,3,temoin_3,2
D,4,temoin_4,2
D,5,temoin_5,2
D,6,temoin_6,2
D,7,temoin_7,2
D,8,temoin_8,2
D,9,temoin_9,2
D,10,temoin_10,2
D,256,CLS21-0169;037,2
D,590,CLS21-0805;019,2
D,543,CLS21-0755;029,2
D,184,CLS21-0142;007,2
D,629,CLS21-0906;020,2
D,434,CLS21-0512;019,2
D,404,CLS21-0199;027,2
D,283,CLS21-0172;022,2
D,147,CLS21-0118;013,2
D,556,CLS21-0758;012,2
D,22,CLS21-0050;012,2
D,659,CLS21-0906;050,2
D,529,CLS21-0755;015,2
D,468,CLS21-0622;023,2
D,607,CLS21-0805;036,2
D,653,CLS21-0906;044,2
D,588,CLS21-0805;017,2
D,402,CLS21-0199;025,2
D,424,CLS21-0512;009,2
D,27,CLS21-0050;017,2
D,175,CLS21-0118;041,2
D,144,CLS21-0118;010,2
D,526,CLS21-0755;012,2
D,348,CLS21-0179;011,2
D,266,CLS21-0172;005,2
D,214,CLS21-0142;037,2
D,484,CLS21-0685;005,2
D,219,CLS21-0142;042,2
D,254,CLS21-0169;035,2
D,669,CLS21-0911;010,2
D,212,CLS21-0142;035,2
D,507,CLS21-0685;028,2
D,568,CLS21-0758;024,2
D,201,CLS21-0142;024,2
D,488,CLS21-0685;009,2
D,234,CLS21-0169;015,2
D,392,CLS21-0199;015,2
D,567,CLS21-0758;023,2
D,464,CLS21-0622;019,2
D,473,CLS21-0622;028,2
D,248,CLS21-0169;029,2
D,394,CLS21-0199;017,2
D,52,CLS21-0050;042,2
D,166,CLS21-0118;032,2
D,358,CLS21-0179;021,2
D,538,CLS21-0755;024,2
D,611,CLS21-0906;002,2
D,310,CLS21-0178;012,2
D,244,CLS21-0169;025,2
D,665,CLS21-0911;006,2
D,419,CLS21-0512;004,2
D,553,CLS21-0758;009,2
D,560,CLS21-0758;016,2
D,241,CLS21-0169;022,2
D,299,CLS21-0178;001,2
D,332,CLS21-0178;034,2
D,645,CLS21-0906;036,2
D,626,CLS21-0906;017,2
D,26,CLS21-0050;016,2
D,112,CLS21-0114;022,2
D,561,CLS21-0758;017,2
D,51,CLS21-0050;041,2
D,28,CLS21-0050;018,2
D,83,CLS21-0111;028,2
D,288,CLS21-0172;027,2
D,49,CLS21-0050;039,2
D,141,CLS21-0118;007,2
D,77,CLS21-0111;022,2
D,548,CLS21-0758;004,2
D,217,CLS21-0142;040,2
D,631,CLS21-0906;022,2
D,185,CLS21-0142;008,2
D,301,CLS21-0178;003,2
D,48,CLS21-0050;038,2
D,613,CLS21-0906;004,2
D,564,CLS21-0758;020,2
D,258,CLS21-0169;039,2
D,187,CLS21-0142;010,2
D,480,CLS21-0685;001,2
D,482,CLS21-0685;003,2
D,549,CLS21-0758;005,2
D,102,CLS21-0114;012,2
D,375,CLS21-0179;038,2
D,136,CLS21-0118;002,2
D,245,CLS21-0169;026,2
D,170,CLS21-0118;036,2
D,517,CLS21-0755;003,2
D,652,CLS21-0906;043,2
D,436,CLS21-0512;021,2
D,540,CLS21-0755;026,2
D,397,CLS21-0199;020,2
D,594,CLS21-0805;023,2
D,279,CLS21-0172;018,2
D,599,CLS21-0805;028,2
D,353,CLS21-0179;016,2
D,300,CLS21-0178;002,2
D,95,CLS21-0114;005,2
D,330,CLS21-0178;032,2
D,303,CLS21-0178;005,2
D,389,CLS21-0199;012,2
D,177,CLS21-0118;043,2
D,346,CLS21-0179;009,2
D,21,CLS21-0050;011,2
D,66,CLS21-0111;011,2
D,409,CLS21-0199;032,2
D,315,CLS21-0178;017,2
D,378,CLS21-0199;001,2
D,183,CLS21-0142;006,2
D,295,CLS21-0172;034,2
D,355,CLS21-0179;018,2
D,614,CLS21-0906;005,2
D,116,CLS21-0114;026,2
D,255,CLS21-0169;036,2
D,362,CLS21-0179;025,2
D,104,CLS21-0114;014,2
D,260,CLS21-0169;041,2
D,677,CLS21-0911;018,2
D,417,CLS21-0512;002,2
D,368,CLS21-0179;031,2
D,674,CLS21-0911;015,2
D,157,CLS21-0118;023,2
D,150,CLS21-0118;016,2
D,323,CLS21-0178;025,2
D,662,CLS21-0911;003,2
D,320,CLS21-0178;022,2
D,408,CLS21-0199;031,2
D,623,CLS21-0906;014,2
D,390,CLS21-0199;013,2
D,479,CLS21-0622;034,2
D,261,CLS21-0169;042,2
D,216,CLS21-0142;039,2
D,459,CLS21-0622;014,2
D,208,CLS21-0142;031,2
D,601,CLS21-0805;030,2
D,505,CLS21-0685;026,2
D,569,CLS21-0758;025,2
D,165,CLS21-0118;031,2
D,655,CLS21-0906;046,2
D,132,CLS21-0114;042,2
D,585,CLS21-0805;014,2
D,275,CLS21-0172;014,2
D,644,CLS21-0906;035,2
D,547,CLS21-0758;003,2
D,441,CLS21-0512;026,2
D,68,CLS21-0111;013,2
D,490,CLS21-0685;011,2
D,678,CLS21-0911;019,2
D,600,CLS21-0805;029,2
D,455,CLS21-0622;010,2
D,407,CLS21-0199;030,2
D,60,CLS21-0111;005,2
D,250,CLS21-0169;031,2
D,379,CLS21-0199;002,2
D,101,CLS21-0114;011,2
D,580,CLS21-0805;009,2
D,96,CLS21-0114;006,2
D,615,CLS21-0906;006,2
D,235,CLS21-0169;016,2
D,691,CLS21-0911;032,2
D,593,CLS21-0805;022,2
D,229,CLS21-0169;010,2
D,292,CLS21-0172;031,2
D,335,CLS21-0178;037,2
D,15,CLS21-0050;005,2
D,251,CLS21-0169;032,2
D,319,CLS21-0178;021,2
D,317,CLS21-0178;019,2
D,253,CLS21-0169;034,2
D,97,CLS21-0114;007,2
D,581,CLS21-0805;010,2
D,188,CLS21-0142;011,2
D,222,CLS21-0169;003,1
D,340,CLS21-0179;003,1
D,327,CLS21-0178;029,1
D,109,CLS21-0114;019,1
D,512,CLS21-0685;033,1
D,425,CLS21-0512;010,1
D,265,CLS21-0172;004,1
D,421,CLS21-0512;006,1
D,365,CLS21-0179;028,1
D,469,CLS21-0622;024,1
D,205,CLS21-0142;028,1
D,493,CLS21-0685;014,1
D,690,CLS21-0911;031,1
D,486,CLS21-0685;007,1
D,228,CLS21-0169;009,1
D,477,CLS21-0622;032,1
D,656,CLS21-0906;047,1
D,143,CLS21-0118;009,1
D,573,CLS21-0805;002,1
D,25,CLS21-0050;015,1
D,287,CLS21-0172;026,1
D,485,CLS21-0685;006,1
D,38,CLS21-0050;028,1
D,506,CLS21-0685;027,1
D,616,CLS21-0906;007,1
D,268,CLS21-0172;007,1
D,276,CLS21-0172;015,1
D,405,CLS21-0199;028,1
D,534,CLS21-0755;020,1
D,363,CLS21-0179;026,1
D,53,CLS21-0050;043,1
D,211,CLS21-0142;034,1
D,329,CLS21-0178;031,1
D,625,CLS21-0906;016,1
D,64,CLS21-0111;009,1
D,100,CLS21-0114;010,1
D,218,CLS21-0142;041,1
D,344,CLS21-0179;007,1
D,376,CLS21-0179;039,1
D,597,CLS21-0805;026,1
D,476,CLS21-0622;031,1
D,35,CLS21-0050;025,1
D,463,CLS21-0622;018,1
D,592,CLS21-0805;021,1
D,128,CLS21-0114;038,1
D,232,CLS21-0169;013,1
D,343,CLS21-0179;006,1
D,94,CLS21-0114;004,1
D,74,CLS21-0111;019,1
D,680,CLS21-0911;021,1
D,125,CLS21-0114;035,1
D,638,CLS21-0906;029,1
D,168,CLS21-0118;034,1
D,286,CLS21-0172;025,1
D,78,CLS21-0111;023,1
D,361,CLS21-0179;024,1
D,246,CLS21-0169;027,1
D,155,CLS21-0118;021,1
D,535,CLS21-0755;021,1
D,565,CLS21-0758;021,1
D,604,CLS21-0805;033,1
D,606,CLS21-0805;035,1
D,58,CLS21-0111;003,1
D,113,CLS21-0114;023,1
D,103,CLS21-0114;013,1
D,440,CLS21-0512;025,1
D,637,CLS21-0906;028,1
D,198,CLS21-0142;021,1
D,193,CLS21-0142;016,1
D,445,CLS21-0512;030,1
D,181,CLS21-0142;004,1
D,99,CLS21-0114;009,1
D,167,CLS21-0118;033,1
D,400,CLS21-0199;023,1
D,305,CLS21-0178;007,1
D,124,CLS21-0114;034,1
D,499,CLS21-0685;020,1
D,474,CLS21-0622;029,1
D,509,CLS21-0685;030,1
D,664,CLS21-0911;005,1
D,383,CLS21-0199;006,1
D,69,CLS21-0111;014,1
D,174,CLS21-0118;040,1
D,345,CLS21-0179;008,1
D,433,CLS21-0512;018,1
D,684,CLS21-0911;025,1
D,673,CLS21-0911;014,1
D,372,CLS21-0179;035,1
D,399,CLS21-0199;022,1
D,602,CLS21-0805;031,1
D,587,CLS21-0805;016,1
D,688,CLS21-0911;029,1
D,142,CLS21-0118;008,1
D,536,CLS21-0755;022,1
D,583,CLS21-0805;012,1
D,562,CLS21-0758;018,1
D,634,CLS21-0906;025,1
D,403,CLS21-0199;026,1
D,663,CLS21-0911;004,1
D,503,CLS21-0685;024,1
D,584,CLS21-0805;013,1
D,280,CLS21-0172;019,1
D,325,CLS21-0178;027,1
D,412,CLS21-0199;035,1
D,179,CLS21-0142;002,1
D,439,CLS21-0512;024,1
D,435,CLS21-0512;020,1
D,605,CLS21-0805;034,1
D,462,CLS21-0622;017,1
D,202,CLS21-0142;025,1
D,627,CLS21-0906;018,1
D,333,CLS21-0178;035,1
D,595,CLS21-0805;024,1
D,510,CLS21-0685;031,1
D,29,CLS21-0050;019,1
D,478,CLS21-0622;033,1
D,236,CLS21-0169;017,1
D,207,CLS21-0142;030,1
D,213,CLS21-0142;036,1
D,685,CLS21-0911;026,1
D,514,CLS21-0685;035,1
D,451,CLS21-0622;006,1
D,237,CLS21-0169;018,1
D,297,CLS21-0172;036,1
D,117,CLS21-0114;027,1
D,539,CLS21-0755;025,1
D,180,CLS21-0142;003,1
D,621,CLS21-0906;012,1
D,138,CLS21-0118;004,1
D,291,CLS21-0172;030,1
D,129,CLS21-0114;039,1
D,223,CLS21-0169;004,1
D,46,CLS21-0050;036,1
D,11,CLS21-0050;001,1
D,681,CLS21-0911;022,1
D,483,CLS21-0685;004,1
D,133,CLS21-0114;043,1
D,191,CLS21-0142;014,1
D,337,CLS21-0178;039,1
D,679,CLS21-0911;020,1
D,186,CLS21-0142;009,1
D,86,CLS21-0111;031,1
D,75,CLS21-0111;020,1
D,13,CLS21-0050;003,1
D,636,CLS21-0906;027,1
D,456,CLS21-0622;011,1
D,550,CLS21-0758;006,1
D,511,CLS21-0685;032,1
D,140,CLS21-0118;006,1
D,491,CLS21-0685;012,1
D,33,CLS21-0050;023,1
D,61,CLS21-0111;006,1
D,44,CLS21-0050;034,1
D,401,CLS21-0199;024,1
D,277,CLS21-0172;016,1
D,306,CLS21-0178;008,1
D,224,CLS21-0169;005,1
D,533,CLS21-0755;019,1
D,610,CLS21-0906;001,1
D,388,CLS21-0199;011,1
D,59,CLS21-0111;004,1
D,369,CLS21-0179;032,1
D,643,CLS21-0906;034,1
D,54,CLS21-0050;044,1
D,428,CLS21-0512;013,1
D,31,CLS21-0050;021,1
D,545,CLS21-0758;001,1
D,34,CLS21-0050;024,1
D,487,CLS21-0685;008,1
D,559,CLS21-0758;015,1
D,519,CLS21-0755;005,1
D,496,CLS21-0685;017,1
D,541,CLS21-0755;027,1
D,314,CLS21-0178;016,1
D,281,CLS21-0172;020,1
D,63,CLS21-0111;008,1
D,159,CLS21-0118;025,1
D,106,CLS21-0114;016,1
D,164,CLS21-0118;030,1
D,118,CLS21-0114;028,1
D,530,CLS21-0755;016,1
D,452,CLS21-0622;007,1
D,676,CLS21-0911;017,1
D,633,CLS21-0906;024,1
D,416,CLS21-0512;001,1
D,130,CLS21-0114;040,1
D,617,CLS21-0906;008,1
D,447,CLS21-0622;002,1
D,119,CLS21-0114;029,1
D,528,CLS21-0755;014,1
D,311,CLS21-0178;013,1
D,43,CLS21-0050;033,1
D,114,CLS21-0114;024,1
D,654,CLS21-0906;045,1
D,146,CLS21-0118;012,1
D,88,CLS21-0111;033,1
D,215,CLS21-0142;038,1
D,558,CLS21-0758;014,1
D,525,CLS21-0755;011,1
D,93,CLS21-0114;003,1
D,413,CLS21-0199;036,1
D,618,CLS21-0906;009,1
D,304,CLS21-0178;006,1
D,195,CLS21-0142;018,1
D,338,CLS21-0179;001,1
D,192,CLS21-0142;015,1
D,504,CLS21-0685;025,1
D,153,CLS21-0118;019,1
D,196,CLS21-0142;019,1
D,364,CLS21-0179;027,1
D,686,CLS21-0911;027,1
D,131,CLS21-0114;041,1
D,603,CLS21-0805;032,1
D,574,CLS21-0805;003,1
D,243,CLS21-0169;024,1
D,586,CLS21-0805;015,1
D,575,CLS21-0805;004,1
D,249,CLS21-0169;030,1
D,70,CLS21-0111;015,1
D,182,CLS21-0142;005,1
D,384,CLS21-0199;007,1
D,178,CLS21-0142;001,1
D,531,CLS21-0755;017,1
D,321,CLS21-0178;023,1
D,14,CLS21-0050;004,1
D,20,CLS21-0050;010,1
D,642,CLS21-0906;033,1
D,460,CLS21-0622;015,1
D,454,CLS21-0622;009,1
D,16,CLS21-0050;006,1
D,308,CLS21-0178;010,1
D,624,CLS21-0906;015,1
D,620,CLS21-0906;011,1
D,443,CLS21-0512;028,1
D,472,CLS21-0622;027,1
D,612,CLS21-0906;003,1
D,683,CLS21-0911;024,1
D,65,CLS21-0111;010,1
D,572,CLS21-0805;001,1
D,81,CLS21-0111;026,1
D,247,CLS21-0169;028,1
D,527,CLS21-0755;013,1
D,122,CLS21-0114;032,1
D,381,CLS21-0199;004,1
D,552,CLS21-0758;008,1
D,272,CLS21-0172;011,1
D,135,CLS21-0118;001,1
D,582,CLS21-0805;011,1
D,513,CLS21-0685;034,1
D,80,CLS21-0111;025,1
D,313,CLS21-0178;015,1
D,648,CLS21-0906;039,1
D,354,CLS21-0179;017,1
D,415,CLS21-0199;038,1
D,334,CLS21-0178;036,1
D,89,CLS21-0111;034,1
D,230,CLS21-0169;011,1
D,470,CLS21-0622;025,1
D,76,CLS21-0111;021,1
D,465,CLS21-0622;020,1
D,453,CLS21-0622;008,1
D,628,CLS21-0906;019,1
D,121,CLS21-0114;031,1
D,98,CLS21-0114;008,1
D,274,CLS21-0172;013,1
D,386,CLS21-0199;009,1
D,127,CLS21-0114;037,1
D,532,CLS21-0755;018,1
D,576,CLS21-0805;005,1
D,360,CLS21-0179;023,1
D,115,CLS21-0114;025,1
D,161,CLS21-0118;027,1
D,194,CLS21-0142;017,1
D,87,CLS21-0111;032,1
D,209,CLS21-0142;032,1
D,156,CLS21-0118;022,1
D,458,CLS21-0622;013,1
D,273,CLS21-0172;012,1
D,263,CLS21-0172;002,1
D,446,CLS21-0622;001,1
D,495,CLS21-0685;016,1
D,457,CLS21-0622;012,1
D,411,CLS21-0199;034,1
D,331,CLS21-0178;033,1
D,396,CLS21-0199;019,1
D,206,CLS21-0142;029,1
D,522,CLS21-0755;008,1
D,370,CLS21-0179;033,1
D,47,CLS21-0050;037,1
D,171,CLS21-0118;037,1
D,79,CLS21-0111;024,1
D,635,CLS21-0906;026,1
D,90,CLS21-0111;035,1
D,92,CLS21-0114;002,1
D,36,CLS21-0050;026,1
D,502,CLS21-0685;023,1
D,448,CLS21-0622;003,1
D,149,CLS21-0118;015,1
D,55,CLS21-0050;045,1
D,126,CLS21-0114;036,1
D,518,CLS21-0755;004,1
D,221,CLS21-0169;002,1
D,442,CLS21-0512;027,1
D,410,CLS21-0199;033,1
D,366,CLS21-0179;029,1
D,450,CLS21-0622;005,1
D,651,CLS21-0906;042,1
D,111,CLS21-0114;021,1
D,203,CLS21-0142;026,1
D,154,CLS21-0118;020,1
D,307,CLS21-0178;009,1
D,290,CLS21-0172;029,1
D,640,CLS21-0906;031,1
D,524,CLS21-0755;010,1
D,160,CLS21-0118;026,1
D,374,CLS21-0179;037,1
D,619,CLS21-0906;010,1
D,500,CLS21-0685;021,1
D,391,CLS21-0199;014,1
D,326,CLS21-0178;028,1
D,377,CLS21-0179;040,1
D,151,CLS21-0118;017,1
D,639,CLS21-0906;030,1
D,449,CLS21-0622;004,1
D,289,CLS21-0172;028,1
D,432,CLS21-0512;017,1
D,438,CLS21-0512;023,1
D,322,CLS21-0178;024,1
D,318,CLS21-0178;020,1
D,158,CLS21-0118;024,1
D,73,CLS21-0111;018,1
D,385,CLS21-0199;008,1
D,262,CLS21-0172;001,1
D,668,CLS21-0911;009,1
D,71,CLS21-0111;016,1
D,632,CLS21-0906;023,1
D,328,CLS21-0178;030,1
D,551,CLS21-0758;007,1
D,426,CLS21-0512;011,1
D,489,CLS21-0685;010,1
D,414,CLS21-0199;037,1
D,467,CLS21-0622;022,1
D,120,CLS21-0114;030,1
D,423,CLS21-0512;008,1
D,278,CLS21-0172;017,1
D,427,CLS21-0512;012,1
D,589,CLS21-0805;018,1
D,259,CLS21-0169;040,1
D,339,CLS21-0179;002,1
D,45,CLS21-0050;035,1
D,542,CLS21-0755;028,1
D,406,CLS21-0199;029,1
D,682,CLS21-0911;023,1
D,252,CLS21-0169;033,1
D,658,CLS21-0906;049,1
D,190,CLS21-0142;013,1
D,516,CLS21-0755;002,1
D,660,CLS21-0911;001,1
D,523,CLS21-0755;009,1
D,225,CLS21-0169;006,1
D,17,CLS21-0050;007,1
D,689,CLS21-0911;030,1
D,336,CLS21-0178;038,1
D,233,CLS21-0169;014,1
D,242,CLS21-0169;023,1
D,18,CLS21-0050;008,1
D,24,CLS21-0050;014,1
D,238,CLS21-0169;019,1
D,298,CLS21-0172;037,1
D,661,CLS21-0911;002,1
D,42,CLS21-0050;032,1
D,302,CLS21-0178;004,1
D,666,CLS21-0911;007,1
D,395,CLS21-0199;018,1
D,466,CLS21-0622;021,1
D,316,CLS21-0178;018,1
D,422,CLS21-0512;007,1
D,563,CLS21-0758;019,1
D,687,CLS21-0911;028,1
D,137,CLS21-0118;003,1
D,152,CLS21-0118;018,1
D,598,CLS21-0805;027,1
D,497,CLS21-0685;018,1
D,622,CLS21-0906;013,1
D,82,CLS21-0111;027,1
D,341,CLS21-0179;004,1
D,145,CLS21-0118;011,1
D,200,CLS21-0142;023,1
D,398,CLS21-0199;021,1
D,520,CLS21-0755;006,1
D,19,CLS21-0050;009,1
D,347,CLS21-0179;010,1
D,494,CLS21-0685;015,1
D,356,CLS21-0179;019,1
D,189,CLS21-0142;012,1
D,373,CLS21-0179;036,1
D,37,CLS21-0050;027,1
D,481,CLS21-0685;002,1
D,41,CLS21-0050;031,1
D,285,CLS21-0172;024,1
D,220,CLS21-0169;001,1
D,521,CLS21-0755;007,1
D,39,CLS21-0050;029,1
D,23,CLS21-0050;013,1
D,350,CLS21-0179;013,1
D,84,CLS21-0111;029,1
D,148,CLS21-0118;014,1
D,231,CLS21-0169;012,1
D,671,CLS21-0911;012,1
D,501,CLS21-0685;022,1
D,429,CLS21-0512;014,1
D,240,CLS21-0169;021,1
D,650,CLS21-0906;041,1
D,515,CLS21-0755;001,1
D,382,CLS21-0199;005,1
D,169,CLS21-0118;035,1
D,387,CLS21-0199;010,1
D,431,CLS21-0512;016,1
D,570,CLS21-0758;026,1
D,352,CLS21-0179;015,1
D,269,CLS21-0172;008,1
D,173,CLS21-0118;039,1
D,56,CLS21-0111;001,1
D,91,CLS21-0114;001,1
D,630,CLS21-0906;021,1
D,294,CLS21-0172;033,1
D,270,CLS21-0172;009,1
D,537,CLS21-0755;023,1
D,282,CLS21-0172;021,1
D,257,CLS21-0169;038,1
D,546,CLS21-0758;002,1
D,359,CLS21-0179;022,1
D,647,CLS21-0906;038,1
D,57,CLS21-0111;002,1
D,30,CLS21-0050;020,1
D,646,CLS21-0906;037,1
D,591,CLS21-0805;020,1
D,107,CLS21-0114;017,1
D,197,CLS21-0142;020,1
D,324,CLS21-0178;026,1
D,210,CLS21-0142;033,1
D,579,CLS21-0805;008,1
D,108,CLS21-0114;018,1
D,176,CLS21-0118;042,1
D,357,CLS21-0179;020,1
D,672,CLS21-0911;013,1
D,475,CLS21-0622;030,1
D,139,CLS21-0118;005,1
D,492,CLS21-0685;013,1
D,199,CLS21-0142;022,1
D,461,CLS21-0622;016,1
D,271,CLS21-0172;010,1
D,67,CLS21-0111;012,1
D,577,CLS21-0805;006,1
D,657,CLS21-0906;048,1
D,393,CLS21-0199;016,1
D,342,CLS21-0179;005,1
D,226,CLS21-0169;007,1
D,437,CLS21-0512;022,1
D,85,CLS21-0111;030,1
D,227,CLS21-0169;008,1
D,12,CLS21-0050;002,1
D,418,CLS21-0512;003,1
D,641,CLS21-0906;032,1
D,544,CLS21-0755;030,1
D,571,CLS21-0758;027,1
D,367,CLS21-0179;030,1
D,110,CLS21-0114;020,1
D,62,CLS21-0111;007,1
D,675,CLS21-0911;016,1
D,293,CLS21-0172;032,1
D,566,CLS21-0758;022,1
D,420,CLS21-0512;005,1
D,40,CLS21-0050;030,1
D,508,CLS21-0685;029,1
D,578,CLS21-0805;007,1
D,670,CLS21-0911;011,1
D,351,CLS21-0179;014,1
D,163,CLS21-0118;029,1
D,264,CLS21-0172;003,1
D,608,CLS21-0805;037,1
D,430,CLS21-0512;015,1
D,123,CLS21-0114;033,1
D,498,CLS21-0685;019,1
D,309,CLS21-0178;011,1
D,267,CLS21-0172;006,1
D,371,CLS21-0179;034,1
D,204,CLS21-0142;027,1
D,649,CLS21-0906;040,1
D,380,CLS21-0199;003,1
D,172,CLS21-0118;038,1
D,555,CLS21-0758;011,1
D,596,CLS21-0805;025,1
D,239,CLS21-0169;020,1
D,50,CLS21-0050;040,1
D,312,CLS21-0178;014,1
D,162,CLS21-0118;028,1
D,349,CLS21-0179;012,1
D,105,CLS21-0114;015,1
D,32,CLS21-0050;022,1
D,134,CLS21-0114;044,1
D,554,CLS21-0758;010,1
D,444,CLS21-0512;029,1
D,609,CLS21-0805;038,1
D,72,CLS21-0111;017,1
D,296,CLS21-0172;035,1
D,667,CLS21-0911;008,1
D,557,CLS21-0758;013,1
D,284,CLS21-0172;023,1
D,471,CLS21-0622;026,1