ENTRY,NAME,REPS
1,A,8
2,B,8
3,C,8
4,D,8
5,ND-05,1
6,ND-06,1
7,ND-07,1
8,ND-08,1
9,ND-09,1
10,ND-10,1
11,ND-11,1
12,ND-12,1
13,ND-13,1
14,ND-14,1
15,ND-15,1
16,ND-16,1
17,ND-17,1
18,ND-18,1
19,ND-19,1
20,ND-20,1
21,ND-21,1
22,ND-22,1
23,ND-23,1
24,ND-24,1
25,ND-25,1
26,ND-26,1
27,ND-27,1
28,ND-28,1
29,ND-29,1
30,ND-30,1
31,ND-31,1
32,ND-32,1
33,ND-33,1
34,ND-34,1
35,ND-35,1
36,ND-36,1
37,ND-37,1
38,ND-38,1
39,ND-39,1
40,ND-40,1
41,ND-41,1
42,ND-42,1
43,ND-43,1
44,ND-44,1
45,ND-45,1
46,ND-46,1
47,ND-47,1
48,ND-48,1
49,ND-49,1
50,ND-50,1
51,ND-51,1
52,ND-52,1
53,ND-53,1
54,ND-54,1
55,ND-55,1
56,ND-56,1
57,ND-57,1
58,ND-58,1
59,ND-59,1
60,ND-60,1
61,ND-61,1
62,ND-62,1
63,ND-63,1
64,ND-64,1
65,ND-65,1
66,ND-66,1
67,ND-67,1
68,ND-68,1
69,ND-69,1
70,ND-70,1
71,ND-71,1
72,ND-72,1
73,ND-73,1
74,ND-74,1
75,ND-75,1
76,ND-76,1
77,ND-77,1
78,ND-78,1
79,ND-79,1
80,ND-80,1
81,ND-81,1
82,ND-82,1
83,ND-83,1
84,ND-84,1
85,ND-85,1
86,ND-86,1
87,ND-87,1
88,ND-88,1
89,ND-89,1
90,ND-90,1
91,ND-91,1
92,ND-92,1
93,ND-93,1
94,ND-94,1
95,ND-95,1
96,ND-96,1
97,ND-97,1
98,ND-98,1
99,ND-99,1
100,ND-100,1
101,ND-101,1
102,ND-102,1
103,ND-103,1
104,ND-104,1
105,ND-105,1
106,ND-106,1
107,ND-107,1
108,ND-108,1
109,ND-109,1
110,ND-110,1
111,ND-111,1
112,ND-112,1
113,ND-113,1
114,ND-114,1
115,ND-115,1
116,ND-116,1
117,ND-117,1
118,ND-118,1
119,ND-119,1
120,ND-120,1
121,ND-121,1
122,ND-122,1
123,ND-123,1
124,ND-124,1
125,ND-125,1
126,ND-126,1
127,ND-127,1
128,ND-128,1
129,ND-129,1
130,ND-130,1
131,ND-131,1
132,ND-132,1
133,ND-133,1
134,ND-134,1
135,ND-135,1
136,ND-136,1
137,ND-137,1
138,ND-138,1
139,ND-139,1
140,ND-140,1
141,ND-141,1
142,ND-142,1
143,ND-143,1
144,ND-144,1
145,ND-145,1
146,ND-146,1
147,ND-147,1
148,ND-148,1
149,ND-149,1
150,ND-150,1
151,ND-151,1
152,ND-152,1
153,ND-153,1
154,ND-154,1
155,ND-155,1
156,ND-156,1
157,ND-157,1
158,ND-158,1
159,ND-159,1
160,ND-160,1
161,ND-161,1
162,ND-162,1
163,ND-163,1
164,ND-164,1
165,ND-165,1
166,ND-166,1
167,ND-167,1
168,ND-168,1
169,ND-169,1
170,ND-170,1
171,ND-171,1
172,ND-172,1
173,ND-173,1
174,ND-174,1
175,ND-175,1
176,ND-176,1
177,ND-177,1
178,ND-178,1
179,ND-179,1
180,ND-180,1
181,ND-181,1
182,ND-182,1
183,ND-183,1
184,ND-184,1
185,ND-185,1
186,ND-186,1
187,ND-187,1
188,ND-188,1
189,ND-189,1
190,ND-190,1
191,ND-191,1
192,ND-192,1
193,ND-193,1
194,ND-194,1
195,ND-195,1
196,ND-196,1
197,ND-197,1
198,ND-198,1
199,ND-199,1
200,ND-200,1
201,ND-201,1
202,ND-202,1
203,ND-203,1
204,ND-204,1
205,ND-205,1
206,ND-206,1
207,ND-207,1
208,ND-208,1
209,ND-209,1
210,ND-210,1
211,ND-211,1
212,ND-212,1
